-- phpMyAdmin SQL Dump
-- version 4.4.14
-- http://www.phpmyadmin.net
--
-- Host: 127.0.0.1
-- Generation Time: 17 Des 2015 pada 08.38
-- Versi Server: 5.6.26
-- PHP Version: 5.6.12

SET SQL_MODE = "NO_AUTO_VALUE_ON_ZERO";
SET time_zone = "+00:00";


/*!40101 SET @OLD_CHARACTER_SET_CLIENT=@@CHARACTER_SET_CLIENT */;
/*!40101 SET @OLD_CHARACTER_SET_RESULTS=@@CHARACTER_SET_RESULTS */;
/*!40101 SET @OLD_COLLATION_CONNECTION=@@COLLATION_CONNECTION */;
/*!40101 SET NAMES utf8mb4 */;

--
-- Database: `global_lestari`
--

-- --------------------------------------------------------

--
-- Struktur dari tabel `data_fisik`
--

CREATE TABLE IF NOT EXISTS `data_fisik` (
  `id` int(11) NOT NULL,
  `id_faktur` int(11) NOT NULL,
  `foto_ktp` varchar(100) DEFAULT NULL,
  `foto_stnk` varchar(100) DEFAULT NULL,
  `foto_bpkb` varchar(100) DEFAULT NULL,
  `lainnya` varchar(100) DEFAULT NULL
) ENGINE=InnoDB DEFAULT CHARSET=latin1;

-- --------------------------------------------------------

--
-- Struktur dari tabel `faktur`
--

CREATE TABLE IF NOT EXISTS `faktur` (
  `id` int(11) NOT NULL,
  `id_surat_jalan` int(11) NOT NULL,
  `nama_penerima` varchar(50) NOT NULL,
  `tgl` date NOT NULL,
  `no_faktur` varchar(20) NOT NULL,
  `keterangan` text
) ENGINE=InnoDB DEFAULT CHARSET=latin1;

-- --------------------------------------------------------

--
-- Struktur dari tabel `jenis_motor`
--

CREATE TABLE IF NOT EXISTS `jenis_motor` (
  `id` int(11) NOT NULL,
  `nama` varchar(50) NOT NULL,
  `keterangan` varchar(100) DEFAULT NULL
) ENGINE=InnoDB AUTO_INCREMENT=7 DEFAULT CHARSET=latin1;

--
-- Dumping data untuk tabel `jenis_motor`
--

INSERT INTO `jenis_motor` (`id`, `nama`, `keterangan`) VALUES
(1, 'BEIJING BRAVO M/T 100cc', 'Manual 100cc'),
(2, 'BEIJING TROOPER M/T 200cc', 'Manual 200cc'),
(3, 'BEIJING MAXI M/T 125cc', 'Manual 125cc'),
(4, 'BEIJING EXOTIC A/T 125cc', 'Automatic 125cc'),
(5, 'BEIJING SCOOTIC A/T 125cc', 'Automatic 125cc'),
(6, 'JRD ARJUNA-X M/T 100cc', 'Manual 100cc');

-- --------------------------------------------------------

--
-- Struktur dari tabel `kondisi_motor`
--

CREATE TABLE IF NOT EXISTS `kondisi_motor` (
  `id` int(11) NOT NULL,
  `id_motor` int(11) NOT NULL,
  `kondisi` enum('siap jual','sedang disiapkan','belum siap','rusak') NOT NULL,
  `keterangan` text
) ENGINE=InnoDB AUTO_INCREMENT=1173 DEFAULT CHARSET=latin1;

--
-- Dumping data untuk tabel `kondisi_motor`
--

INSERT INTO `kondisi_motor` (`id`, `id_motor`, `kondisi`, `keterangan`) VALUES
(1, 6, 'siap jual', ''),
(2, 11, 'siap jual', ''),
(3, 18, 'siap jual', ''),
(4, 19, 'siap jual', ''),
(5, 20, 'siap jual', ''),
(6, 26, 'siap jual', ''),
(7, 27, 'siap jual', ''),
(8, 33, 'siap jual', ''),
(9, 35, 'siap jual', ''),
(10, 36, 'siap jual', ''),
(11, 38, 'siap jual', ''),
(12, 43, 'siap jual', ''),
(13, 47, 'siap jual', ''),
(14, 51, 'siap jual', ''),
(15, 52, 'siap jual', ''),
(16, 55, 'siap jual', ''),
(17, 57, 'siap jual', ''),
(18, 59, 'siap jual', ''),
(19, 60, 'siap jual', ''),
(20, 61, 'siap jual', ''),
(21, 62, 'siap jual', ''),
(22, 63, 'siap jual', ''),
(23, 64, 'siap jual', ''),
(24, 65, 'siap jual', ''),
(25, 66, 'siap jual', ''),
(26, 67, 'siap jual', ''),
(27, 68, 'siap jual', ''),
(28, 69, 'siap jual', ''),
(29, 70, 'siap jual', ''),
(30, 71, 'siap jual', ''),
(31, 72, 'siap jual', ''),
(32, 73, 'siap jual', ''),
(33, 74, 'siap jual', ''),
(34, 75, 'siap jual', ''),
(35, 76, 'siap jual', ''),
(36, 77, 'siap jual', ''),
(37, 78, 'siap jual', ''),
(38, 79, 'siap jual', ''),
(39, 80, 'siap jual', ''),
(40, 81, 'siap jual', ''),
(41, 82, 'siap jual', ''),
(42, 83, 'siap jual', ''),
(43, 84, 'siap jual', ''),
(44, 85, 'siap jual', ''),
(45, 86, 'siap jual', ''),
(46, 87, 'siap jual', ''),
(47, 88, 'siap jual', ''),
(48, 89, 'siap jual', ''),
(49, 90, 'siap jual', ''),
(50, 91, 'siap jual', ''),
(51, 92, 'siap jual', ''),
(52, 93, 'siap jual', ''),
(53, 94, 'siap jual', ''),
(54, 95, 'siap jual', ''),
(55, 96, 'siap jual', ''),
(56, 97, 'siap jual', ''),
(57, 98, 'siap jual', ''),
(58, 99, 'siap jual', ''),
(59, 100, 'siap jual', ''),
(60, 101, 'siap jual', ''),
(61, 102, 'siap jual', ''),
(62, 103, 'siap jual', ''),
(63, 104, 'siap jual', ''),
(64, 105, 'siap jual', ''),
(65, 106, 'siap jual', ''),
(66, 107, 'siap jual', ''),
(67, 108, 'siap jual', ''),
(68, 109, 'siap jual', ''),
(69, 110, 'siap jual', ''),
(70, 112, 'siap jual', ''),
(71, 113, 'siap jual', ''),
(72, 114, 'siap jual', ''),
(73, 115, 'siap jual', ''),
(74, 116, 'siap jual', ''),
(75, 117, 'siap jual', ''),
(76, 118, 'siap jual', ''),
(77, 119, 'siap jual', ''),
(78, 121, 'siap jual', ''),
(79, 122, 'siap jual', ''),
(80, 124, 'siap jual', ''),
(81, 125, 'siap jual', ''),
(82, 126, 'siap jual', ''),
(83, 127, 'siap jual', ''),
(84, 128, 'siap jual', ''),
(85, 129, 'siap jual', ''),
(86, 130, 'siap jual', ''),
(87, 131, 'siap jual', ''),
(88, 132, 'siap jual', ''),
(89, 133, 'siap jual', ''),
(90, 135, 'siap jual', ''),
(91, 136, 'siap jual', ''),
(92, 137, 'siap jual', ''),
(93, 138, 'siap jual', ''),
(94, 139, 'siap jual', ''),
(95, 140, 'siap jual', ''),
(96, 141, 'siap jual', ''),
(97, 142, 'siap jual', ''),
(98, 143, 'siap jual', ''),
(99, 144, 'siap jual', ''),
(100, 145, 'siap jual', ''),
(101, 146, 'siap jual', ''),
(102, 147, 'siap jual', ''),
(103, 148, 'siap jual', ''),
(104, 150, 'siap jual', ''),
(105, 151, 'siap jual', ''),
(106, 152, 'siap jual', ''),
(107, 153, 'siap jual', ''),
(108, 154, 'siap jual', ''),
(109, 155, 'siap jual', ''),
(110, 156, 'siap jual', ''),
(111, 157, 'siap jual', ''),
(112, 158, 'siap jual', ''),
(113, 159, 'siap jual', ''),
(114, 160, 'siap jual', ''),
(115, 161, 'siap jual', ''),
(116, 162, 'siap jual', ''),
(117, 163, 'siap jual', ''),
(118, 164, 'siap jual', ''),
(119, 165, 'siap jual', ''),
(120, 166, 'siap jual', ''),
(121, 167, 'siap jual', ''),
(122, 168, 'siap jual', ''),
(123, 169, 'siap jual', ''),
(124, 170, 'siap jual', ''),
(125, 172, 'siap jual', ''),
(126, 173, 'siap jual', ''),
(127, 174, 'siap jual', ''),
(128, 175, 'siap jual', ''),
(129, 176, 'siap jual', ''),
(130, 177, 'siap jual', ''),
(131, 178, 'siap jual', ''),
(132, 179, 'siap jual', ''),
(133, 180, 'siap jual', ''),
(134, 181, 'siap jual', ''),
(135, 182, 'siap jual', ''),
(136, 183, 'siap jual', ''),
(137, 184, 'siap jual', ''),
(138, 185, 'siap jual', ''),
(139, 186, 'siap jual', ''),
(140, 187, 'siap jual', ''),
(141, 188, 'siap jual', ''),
(142, 189, 'siap jual', ''),
(143, 190, 'siap jual', ''),
(144, 191, 'siap jual', ''),
(145, 192, 'siap jual', ''),
(146, 193, 'siap jual', ''),
(147, 194, 'siap jual', ''),
(148, 195, 'siap jual', ''),
(149, 196, 'siap jual', ''),
(150, 197, 'siap jual', ''),
(151, 198, 'siap jual', ''),
(152, 199, 'siap jual', ''),
(153, 200, 'siap jual', ''),
(154, 201, 'siap jual', ''),
(155, 202, 'siap jual', ''),
(156, 203, 'siap jual', ''),
(157, 204, 'siap jual', ''),
(158, 205, 'siap jual', ''),
(159, 207, 'siap jual', ''),
(160, 208, 'siap jual', ''),
(161, 209, 'siap jual', ''),
(162, 210, 'siap jual', ''),
(163, 211, 'siap jual', ''),
(164, 212, 'siap jual', ''),
(165, 213, 'siap jual', ''),
(166, 214, 'siap jual', ''),
(167, 215, 'siap jual', ''),
(168, 216, 'siap jual', ''),
(169, 217, 'siap jual', ''),
(170, 218, 'siap jual', ''),
(171, 219, 'siap jual', ''),
(172, 220, 'siap jual', ''),
(173, 221, 'siap jual', ''),
(174, 222, 'siap jual', ''),
(175, 223, 'siap jual', ''),
(176, 225, 'siap jual', ''),
(177, 226, 'siap jual', ''),
(178, 227, 'siap jual', ''),
(179, 228, 'siap jual', ''),
(180, 229, 'siap jual', ''),
(181, 230, 'siap jual', ''),
(182, 231, 'siap jual', ''),
(183, 232, 'siap jual', ''),
(184, 234, 'siap jual', ''),
(185, 235, 'siap jual', ''),
(186, 236, 'siap jual', ''),
(187, 238, 'siap jual', ''),
(188, 239, 'siap jual', ''),
(189, 240, 'siap jual', ''),
(190, 241, 'siap jual', ''),
(191, 242, 'siap jual', ''),
(192, 243, 'siap jual', ''),
(193, 244, 'siap jual', ''),
(194, 245, 'siap jual', ''),
(195, 246, 'siap jual', ''),
(196, 247, 'siap jual', ''),
(197, 248, 'siap jual', ''),
(198, 249, 'siap jual', ''),
(199, 251, 'siap jual', ''),
(200, 252, 'siap jual', ''),
(201, 253, 'siap jual', ''),
(202, 254, 'siap jual', ''),
(203, 255, 'siap jual', ''),
(204, 256, 'siap jual', ''),
(205, 257, 'siap jual', ''),
(206, 258, 'siap jual', ''),
(207, 259, 'siap jual', ''),
(208, 260, 'siap jual', ''),
(209, 261, 'siap jual', ''),
(210, 262, 'siap jual', ''),
(211, 263, 'siap jual', ''),
(212, 264, 'siap jual', ''),
(213, 265, 'siap jual', ''),
(214, 266, 'siap jual', ''),
(215, 267, 'siap jual', ''),
(216, 268, 'siap jual', ''),
(217, 270, 'siap jual', ''),
(218, 271, 'siap jual', ''),
(219, 272, 'siap jual', ''),
(220, 273, 'siap jual', ''),
(221, 274, 'siap jual', ''),
(222, 275, 'siap jual', ''),
(223, 276, 'siap jual', ''),
(224, 277, 'siap jual', ''),
(225, 278, 'siap jual', ''),
(226, 279, 'siap jual', ''),
(227, 280, 'siap jual', ''),
(228, 281, 'siap jual', ''),
(229, 282, 'siap jual', ''),
(230, 283, 'siap jual', ''),
(231, 284, 'siap jual', ''),
(232, 285, 'siap jual', ''),
(233, 286, 'siap jual', ''),
(234, 287, 'siap jual', ''),
(235, 288, 'siap jual', ''),
(236, 289, 'siap jual', ''),
(237, 290, 'siap jual', ''),
(238, 291, 'siap jual', ''),
(239, 292, 'siap jual', ''),
(240, 293, 'siap jual', ''),
(241, 294, 'siap jual', ''),
(242, 295, 'siap jual', ''),
(243, 296, 'siap jual', ''),
(244, 297, 'siap jual', ''),
(245, 299, 'siap jual', ''),
(246, 300, 'siap jual', ''),
(247, 301, 'siap jual', ''),
(248, 302, 'siap jual', ''),
(249, 303, 'siap jual', ''),
(250, 304, 'siap jual', ''),
(251, 305, 'siap jual', ''),
(252, 306, 'siap jual', ''),
(253, 307, 'siap jual', ''),
(254, 308, 'siap jual', ''),
(255, 309, 'siap jual', ''),
(256, 310, 'siap jual', ''),
(257, 311, 'siap jual', ''),
(258, 312, 'siap jual', ''),
(259, 313, 'siap jual', ''),
(260, 314, 'siap jual', ''),
(261, 315, 'siap jual', ''),
(262, 316, 'siap jual', ''),
(263, 317, 'siap jual', ''),
(264, 318, 'siap jual', ''),
(265, 319, 'siap jual', ''),
(266, 320, 'siap jual', ''),
(267, 321, 'siap jual', ''),
(268, 322, 'siap jual', ''),
(269, 323, 'siap jual', ''),
(270, 324, 'siap jual', ''),
(271, 325, 'siap jual', ''),
(272, 326, 'siap jual', ''),
(273, 327, 'siap jual', ''),
(274, 328, 'siap jual', ''),
(275, 329, 'siap jual', ''),
(276, 330, 'siap jual', ''),
(277, 331, 'siap jual', ''),
(278, 332, 'siap jual', ''),
(279, 333, 'siap jual', ''),
(280, 334, 'siap jual', ''),
(281, 335, 'siap jual', ''),
(282, 336, 'siap jual', ''),
(283, 337, 'siap jual', ''),
(284, 339, 'siap jual', ''),
(285, 340, 'siap jual', ''),
(286, 341, 'siap jual', ''),
(287, 342, 'siap jual', ''),
(288, 343, 'siap jual', ''),
(289, 344, 'siap jual', ''),
(290, 345, 'siap jual', ''),
(291, 346, 'siap jual', ''),
(292, 347, 'siap jual', ''),
(293, 348, 'siap jual', ''),
(294, 349, 'siap jual', ''),
(295, 350, 'siap jual', ''),
(296, 351, 'siap jual', ''),
(297, 352, 'siap jual', ''),
(298, 353, 'siap jual', ''),
(299, 354, 'siap jual', ''),
(300, 355, 'siap jual', ''),
(301, 357, 'siap jual', ''),
(302, 358, 'siap jual', ''),
(303, 359, 'siap jual', ''),
(304, 360, 'siap jual', ''),
(305, 361, 'siap jual', ''),
(306, 362, 'siap jual', ''),
(307, 363, 'siap jual', ''),
(308, 364, 'siap jual', ''),
(309, 365, 'siap jual', ''),
(310, 366, 'siap jual', ''),
(311, 367, 'siap jual', ''),
(312, 368, 'siap jual', ''),
(313, 369, 'siap jual', ''),
(314, 370, 'siap jual', ''),
(315, 371, 'siap jual', ''),
(316, 373, 'siap jual', ''),
(317, 374, 'siap jual', ''),
(318, 375, 'siap jual', ''),
(319, 376, 'siap jual', ''),
(320, 377, 'siap jual', ''),
(321, 378, 'siap jual', ''),
(322, 379, 'siap jual', ''),
(323, 380, 'siap jual', ''),
(324, 411, 'siap jual', ''),
(325, 412, 'siap jual', ''),
(326, 413, 'siap jual', ''),
(327, 414, 'siap jual', ''),
(328, 415, 'siap jual', ''),
(329, 416, 'siap jual', ''),
(330, 417, 'siap jual', ''),
(331, 418, 'siap jual', ''),
(332, 419, 'siap jual', ''),
(333, 420, 'siap jual', ''),
(334, 421, 'siap jual', ''),
(335, 422, 'siap jual', ''),
(336, 423, 'siap jual', ''),
(337, 424, 'siap jual', ''),
(338, 425, 'siap jual', ''),
(339, 426, 'siap jual', ''),
(340, 427, 'siap jual', ''),
(341, 429, 'siap jual', ''),
(342, 431, 'siap jual', ''),
(343, 432, 'siap jual', ''),
(344, 433, 'siap jual', ''),
(345, 434, 'siap jual', ''),
(346, 435, 'siap jual', ''),
(347, 436, 'siap jual', ''),
(348, 437, 'siap jual', ''),
(349, 438, 'siap jual', ''),
(350, 439, 'siap jual', ''),
(351, 442, 'siap jual', ''),
(352, 443, 'siap jual', ''),
(353, 444, 'siap jual', ''),
(354, 445, 'siap jual', ''),
(355, 446, 'siap jual', ''),
(356, 448, 'siap jual', ''),
(357, 449, 'siap jual', ''),
(358, 450, 'siap jual', ''),
(359, 451, 'siap jual', ''),
(360, 452, 'siap jual', ''),
(361, 453, 'siap jual', ''),
(362, 454, 'siap jual', ''),
(363, 455, 'siap jual', ''),
(364, 456, 'siap jual', ''),
(365, 457, 'siap jual', ''),
(366, 458, 'siap jual', ''),
(367, 459, 'siap jual', ''),
(368, 460, 'siap jual', ''),
(369, 461, 'siap jual', ''),
(370, 462, 'siap jual', ''),
(371, 463, 'siap jual', ''),
(372, 466, 'siap jual', ''),
(373, 467, 'siap jual', ''),
(374, 468, 'siap jual', ''),
(375, 469, 'siap jual', ''),
(376, 470, 'siap jual', ''),
(377, 471, 'siap jual', ''),
(378, 472, 'siap jual', ''),
(379, 473, 'siap jual', ''),
(380, 474, 'siap jual', ''),
(381, 475, 'siap jual', ''),
(382, 477, 'siap jual', ''),
(383, 478, 'siap jual', ''),
(384, 481, 'siap jual', ''),
(385, 482, 'siap jual', ''),
(386, 483, 'siap jual', ''),
(387, 485, 'siap jual', ''),
(388, 486, 'siap jual', ''),
(389, 487, 'siap jual', ''),
(390, 488, 'siap jual', ''),
(391, 490, 'siap jual', ''),
(392, 491, 'siap jual', ''),
(393, 492, 'siap jual', ''),
(394, 493, 'siap jual', ''),
(395, 494, 'siap jual', ''),
(396, 495, 'siap jual', ''),
(397, 496, 'siap jual', ''),
(398, 498, 'siap jual', ''),
(399, 499, 'siap jual', ''),
(400, 500, 'siap jual', ''),
(401, 501, 'siap jual', ''),
(402, 502, 'siap jual', ''),
(403, 503, 'siap jual', ''),
(404, 504, 'siap jual', ''),
(405, 505, 'siap jual', ''),
(406, 507, 'siap jual', ''),
(407, 508, 'siap jual', ''),
(408, 509, 'siap jual', ''),
(409, 512, 'siap jual', ''),
(410, 513, 'siap jual', ''),
(411, 514, 'siap jual', ''),
(412, 515, 'siap jual', ''),
(413, 516, 'siap jual', ''),
(414, 517, 'siap jual', ''),
(415, 518, 'siap jual', ''),
(416, 519, 'siap jual', ''),
(417, 521, 'siap jual', ''),
(418, 522, 'siap jual', ''),
(419, 523, 'siap jual', ''),
(420, 524, 'siap jual', ''),
(421, 525, 'siap jual', ''),
(422, 526, 'siap jual', ''),
(423, 527, 'siap jual', ''),
(424, 530, 'siap jual', ''),
(425, 533, 'siap jual', ''),
(426, 534, 'siap jual', ''),
(427, 535, 'siap jual', ''),
(428, 536, 'siap jual', ''),
(429, 537, 'siap jual', ''),
(430, 538, 'siap jual', ''),
(431, 540, 'siap jual', ''),
(432, 542, 'siap jual', ''),
(433, 543, 'siap jual', ''),
(434, 544, 'siap jual', ''),
(435, 545, 'siap jual', ''),
(436, 546, 'siap jual', ''),
(437, 547, 'siap jual', ''),
(438, 548, 'siap jual', ''),
(439, 549, 'siap jual', ''),
(440, 550, 'siap jual', ''),
(441, 551, 'siap jual', ''),
(442, 552, 'siap jual', ''),
(443, 553, 'siap jual', ''),
(444, 555, 'siap jual', ''),
(445, 556, 'siap jual', ''),
(446, 557, 'siap jual', ''),
(447, 558, 'siap jual', ''),
(448, 559, 'siap jual', ''),
(449, 560, 'siap jual', ''),
(450, 561, 'siap jual', ''),
(451, 562, 'siap jual', ''),
(452, 563, 'siap jual', ''),
(453, 564, 'siap jual', ''),
(454, 566, 'siap jual', ''),
(455, 567, 'siap jual', ''),
(456, 568, 'siap jual', ''),
(457, 569, 'siap jual', ''),
(458, 570, 'siap jual', ''),
(459, 571, 'siap jual', ''),
(460, 572, 'siap jual', ''),
(461, 573, 'siap jual', ''),
(462, 575, 'siap jual', ''),
(463, 576, 'siap jual', ''),
(464, 577, 'siap jual', ''),
(465, 578, 'siap jual', ''),
(466, 579, 'siap jual', ''),
(467, 580, 'siap jual', ''),
(468, 581, 'siap jual', ''),
(469, 582, 'siap jual', ''),
(470, 583, 'siap jual', ''),
(471, 584, 'siap jual', ''),
(472, 585, 'siap jual', ''),
(473, 586, 'siap jual', ''),
(474, 587, 'siap jual', ''),
(475, 588, 'siap jual', ''),
(476, 589, 'siap jual', ''),
(477, 590, 'siap jual', ''),
(478, 591, 'siap jual', ''),
(479, 593, 'siap jual', ''),
(480, 594, 'siap jual', ''),
(481, 595, 'siap jual', ''),
(482, 596, 'siap jual', ''),
(483, 597, 'siap jual', ''),
(484, 598, 'siap jual', ''),
(485, 599, 'siap jual', ''),
(486, 602, 'siap jual', ''),
(487, 603, 'siap jual', ''),
(488, 604, 'siap jual', ''),
(489, 605, 'siap jual', ''),
(490, 606, 'siap jual', ''),
(491, 607, 'siap jual', ''),
(492, 608, 'siap jual', ''),
(493, 609, 'siap jual', ''),
(494, 610, 'siap jual', ''),
(495, 611, 'siap jual', ''),
(496, 612, 'siap jual', ''),
(497, 613, 'siap jual', ''),
(498, 614, 'siap jual', ''),
(499, 615, 'siap jual', ''),
(500, 616, 'siap jual', ''),
(501, 617, 'siap jual', ''),
(502, 618, 'siap jual', ''),
(503, 619, 'siap jual', ''),
(504, 634, 'siap jual', ''),
(505, 635, 'siap jual', ''),
(506, 636, 'siap jual', ''),
(507, 637, 'siap jual', ''),
(508, 638, 'siap jual', ''),
(509, 640, 'siap jual', ''),
(510, 641, 'siap jual', ''),
(511, 642, 'siap jual', ''),
(512, 643, 'siap jual', ''),
(513, 644, 'siap jual', ''),
(514, 645, 'siap jual', ''),
(515, 646, 'siap jual', ''),
(516, 648, 'siap jual', ''),
(517, 649, 'siap jual', ''),
(518, 650, 'siap jual', ''),
(519, 651, 'siap jual', ''),
(520, 652, 'siap jual', ''),
(521, 653, 'siap jual', ''),
(522, 654, 'siap jual', ''),
(523, 655, 'siap jual', ''),
(524, 656, 'siap jual', ''),
(525, 658, 'siap jual', ''),
(526, 659, 'siap jual', ''),
(527, 660, 'siap jual', ''),
(528, 661, 'siap jual', ''),
(529, 663, 'siap jual', ''),
(530, 664, 'siap jual', ''),
(531, 665, 'siap jual', ''),
(532, 666, 'siap jual', ''),
(533, 667, 'siap jual', ''),
(534, 668, 'siap jual', ''),
(535, 669, 'siap jual', ''),
(536, 670, 'siap jual', ''),
(537, 671, 'siap jual', ''),
(538, 673, 'siap jual', ''),
(539, 674, 'siap jual', ''),
(540, 676, 'siap jual', ''),
(541, 677, 'siap jual', ''),
(542, 678, 'siap jual', ''),
(543, 679, 'siap jual', ''),
(544, 680, 'siap jual', ''),
(545, 681, 'siap jual', ''),
(546, 682, 'siap jual', ''),
(547, 683, 'siap jual', ''),
(548, 684, 'siap jual', ''),
(549, 685, 'siap jual', ''),
(550, 686, 'siap jual', ''),
(551, 687, 'siap jual', ''),
(552, 689, 'siap jual', ''),
(553, 690, 'siap jual', ''),
(554, 691, 'siap jual', ''),
(555, 692, 'siap jual', ''),
(556, 693, 'siap jual', ''),
(557, 694, 'siap jual', ''),
(558, 695, 'siap jual', ''),
(559, 696, 'siap jual', ''),
(560, 697, 'siap jual', ''),
(561, 698, 'siap jual', ''),
(562, 699, 'siap jual', ''),
(563, 700, 'siap jual', ''),
(564, 701, 'siap jual', ''),
(565, 702, 'siap jual', ''),
(566, 703, 'siap jual', ''),
(567, 704, 'siap jual', ''),
(568, 705, 'siap jual', ''),
(569, 706, 'siap jual', ''),
(570, 707, 'siap jual', ''),
(571, 708, 'siap jual', ''),
(572, 709, 'siap jual', ''),
(573, 710, 'siap jual', ''),
(574, 711, 'siap jual', ''),
(575, 712, 'siap jual', ''),
(576, 714, 'siap jual', ''),
(577, 715, 'siap jual', ''),
(578, 716, 'siap jual', ''),
(579, 717, 'siap jual', ''),
(580, 718, 'siap jual', ''),
(581, 719, 'siap jual', ''),
(582, 720, 'siap jual', ''),
(583, 721, 'siap jual', ''),
(584, 722, 'siap jual', ''),
(585, 723, 'siap jual', ''),
(586, 724, 'siap jual', ''),
(587, 725, 'siap jual', ''),
(588, 726, 'siap jual', ''),
(589, 727, 'siap jual', ''),
(590, 728, 'siap jual', ''),
(591, 729, 'siap jual', ''),
(592, 730, 'siap jual', ''),
(593, 731, 'siap jual', ''),
(594, 732, 'siap jual', ''),
(595, 733, 'siap jual', ''),
(596, 734, 'siap jual', ''),
(597, 735, 'siap jual', ''),
(598, 736, 'siap jual', ''),
(599, 737, 'siap jual', ''),
(600, 738, 'siap jual', ''),
(601, 739, 'siap jual', ''),
(602, 740, 'siap jual', ''),
(603, 741, 'siap jual', ''),
(604, 742, 'siap jual', ''),
(605, 743, 'siap jual', ''),
(606, 744, 'siap jual', ''),
(607, 745, 'siap jual', ''),
(608, 746, 'siap jual', ''),
(609, 747, 'siap jual', ''),
(610, 748, 'siap jual', ''),
(611, 749, 'siap jual', ''),
(612, 750, 'siap jual', ''),
(613, 751, 'siap jual', ''),
(614, 752, 'siap jual', ''),
(615, 753, 'siap jual', ''),
(616, 754, 'siap jual', ''),
(617, 755, 'siap jual', ''),
(618, 756, 'siap jual', ''),
(619, 757, 'siap jual', ''),
(620, 758, 'siap jual', ''),
(621, 759, 'siap jual', ''),
(622, 760, 'siap jual', ''),
(623, 761, 'siap jual', ''),
(624, 762, 'siap jual', ''),
(625, 763, 'siap jual', ''),
(626, 764, 'siap jual', ''),
(627, 765, 'siap jual', ''),
(628, 766, 'siap jual', ''),
(629, 767, 'siap jual', ''),
(630, 768, 'siap jual', ''),
(631, 769, 'siap jual', ''),
(632, 770, 'siap jual', ''),
(633, 771, 'siap jual', ''),
(634, 772, 'siap jual', ''),
(635, 773, 'siap jual', ''),
(636, 774, 'siap jual', ''),
(637, 775, 'siap jual', ''),
(638, 776, 'siap jual', ''),
(639, 777, 'siap jual', ''),
(640, 778, 'siap jual', ''),
(641, 779, 'siap jual', ''),
(642, 780, 'siap jual', ''),
(643, 781, 'siap jual', ''),
(644, 782, 'siap jual', ''),
(645, 783, 'siap jual', ''),
(646, 784, 'siap jual', ''),
(647, 785, 'siap jual', ''),
(648, 786, 'siap jual', ''),
(649, 787, 'siap jual', ''),
(650, 788, 'siap jual', ''),
(651, 789, 'siap jual', ''),
(652, 790, 'siap jual', ''),
(653, 791, 'siap jual', ''),
(654, 792, 'siap jual', ''),
(655, 793, 'siap jual', ''),
(656, 794, 'siap jual', ''),
(657, 795, 'siap jual', ''),
(658, 796, 'siap jual', ''),
(659, 797, 'siap jual', ''),
(660, 798, 'siap jual', ''),
(661, 799, 'siap jual', ''),
(662, 800, 'siap jual', ''),
(663, 801, 'siap jual', ''),
(664, 802, 'siap jual', ''),
(665, 803, 'siap jual', ''),
(666, 804, 'siap jual', ''),
(667, 805, 'siap jual', ''),
(668, 806, 'siap jual', ''),
(669, 807, 'siap jual', ''),
(670, 808, 'siap jual', ''),
(671, 809, 'siap jual', ''),
(672, 810, 'siap jual', ''),
(673, 811, 'siap jual', ''),
(674, 812, 'siap jual', ''),
(675, 813, 'siap jual', ''),
(676, 814, 'siap jual', ''),
(677, 815, 'siap jual', ''),
(678, 816, 'siap jual', ''),
(679, 817, 'siap jual', ''),
(680, 818, 'siap jual', ''),
(681, 819, 'siap jual', ''),
(682, 820, 'siap jual', ''),
(683, 821, 'siap jual', ''),
(684, 822, 'siap jual', ''),
(685, 823, 'siap jual', ''),
(686, 824, 'siap jual', ''),
(687, 825, 'siap jual', ''),
(688, 826, 'siap jual', ''),
(689, 827, 'siap jual', ''),
(690, 828, 'siap jual', ''),
(691, 829, 'siap jual', ''),
(692, 830, 'siap jual', ''),
(693, 831, 'siap jual', ''),
(694, 832, 'siap jual', ''),
(695, 833, 'siap jual', ''),
(696, 834, 'siap jual', ''),
(697, 835, 'siap jual', ''),
(698, 836, 'siap jual', ''),
(699, 837, 'siap jual', ''),
(700, 838, 'siap jual', ''),
(701, 839, 'siap jual', ''),
(702, 840, 'siap jual', ''),
(703, 841, 'siap jual', ''),
(704, 842, 'siap jual', ''),
(705, 843, 'siap jual', ''),
(706, 844, 'siap jual', ''),
(707, 845, 'siap jual', ''),
(708, 846, 'siap jual', ''),
(709, 847, 'siap jual', ''),
(710, 848, 'siap jual', ''),
(711, 849, 'siap jual', ''),
(712, 850, 'siap jual', ''),
(713, 851, 'siap jual', ''),
(714, 852, 'siap jual', ''),
(715, 853, 'siap jual', ''),
(716, 854, 'siap jual', ''),
(717, 855, 'siap jual', ''),
(718, 856, 'siap jual', ''),
(719, 857, 'siap jual', ''),
(720, 858, 'siap jual', ''),
(721, 859, 'siap jual', ''),
(722, 860, 'siap jual', ''),
(723, 861, 'siap jual', ''),
(724, 862, 'siap jual', ''),
(725, 863, 'siap jual', ''),
(726, 864, 'siap jual', ''),
(727, 865, 'siap jual', ''),
(728, 866, 'siap jual', ''),
(729, 867, 'siap jual', ''),
(730, 868, 'siap jual', ''),
(731, 869, 'siap jual', ''),
(732, 870, 'siap jual', ''),
(733, 871, 'siap jual', ''),
(734, 872, 'siap jual', ''),
(735, 873, 'siap jual', ''),
(736, 874, 'siap jual', ''),
(737, 875, 'siap jual', ''),
(738, 876, 'siap jual', ''),
(739, 877, 'siap jual', ''),
(740, 878, 'siap jual', ''),
(741, 879, 'siap jual', ''),
(742, 880, 'siap jual', ''),
(743, 881, 'siap jual', ''),
(744, 882, 'siap jual', ''),
(745, 883, 'siap jual', ''),
(746, 884, 'siap jual', ''),
(747, 885, 'siap jual', ''),
(748, 886, 'siap jual', ''),
(749, 887, 'siap jual', ''),
(750, 888, 'siap jual', ''),
(751, 889, 'siap jual', ''),
(752, 890, 'siap jual', ''),
(753, 891, 'siap jual', ''),
(754, 892, 'siap jual', ''),
(755, 893, 'siap jual', ''),
(756, 894, 'siap jual', ''),
(757, 895, 'siap jual', ''),
(758, 896, 'siap jual', ''),
(759, 897, 'siap jual', ''),
(760, 898, 'siap jual', ''),
(761, 899, 'siap jual', ''),
(762, 900, 'siap jual', ''),
(763, 901, 'siap jual', ''),
(764, 902, 'siap jual', ''),
(765, 903, 'siap jual', ''),
(766, 904, 'siap jual', ''),
(767, 905, 'siap jual', ''),
(768, 906, 'siap jual', ''),
(769, 907, 'siap jual', ''),
(770, 908, 'siap jual', ''),
(771, 909, 'siap jual', ''),
(772, 910, 'siap jual', ''),
(773, 911, 'siap jual', ''),
(774, 912, 'siap jual', ''),
(775, 913, 'siap jual', ''),
(776, 914, 'siap jual', ''),
(777, 915, 'siap jual', ''),
(778, 916, 'siap jual', ''),
(779, 917, 'siap jual', ''),
(780, 918, 'siap jual', ''),
(781, 919, 'siap jual', ''),
(782, 920, 'siap jual', ''),
(783, 922, 'siap jual', ''),
(784, 923, 'siap jual', ''),
(785, 925, 'siap jual', ''),
(786, 926, 'siap jual', ''),
(787, 927, 'siap jual', ''),
(788, 928, 'siap jual', ''),
(789, 929, 'siap jual', ''),
(790, 930, 'siap jual', ''),
(791, 931, 'siap jual', ''),
(792, 932, 'siap jual', ''),
(793, 933, 'siap jual', ''),
(794, 934, 'siap jual', ''),
(795, 936, 'siap jual', ''),
(796, 937, 'siap jual', ''),
(797, 938, 'siap jual', ''),
(798, 939, 'siap jual', ''),
(799, 940, 'siap jual', ''),
(800, 941, 'siap jual', ''),
(1015, 942, 'siap jual', ''),
(1016, 943, 'siap jual', ''),
(1017, 944, 'siap jual', ''),
(1018, 945, 'siap jual', ''),
(1019, 947, 'siap jual', ''),
(1020, 948, 'siap jual', ''),
(1021, 950, 'siap jual', ''),
(1022, 951, 'siap jual', ''),
(1023, 952, 'siap jual', ''),
(1024, 953, 'siap jual', ''),
(1025, 954, 'siap jual', ''),
(1026, 959, 'siap jual', ''),
(1027, 960, 'siap jual', ''),
(1028, 964, 'siap jual', ''),
(1029, 966, 'siap jual', ''),
(1030, 967, 'siap jual', ''),
(1031, 969, 'siap jual', ''),
(1032, 970, 'siap jual', ''),
(1033, 972, 'siap jual', ''),
(1034, 973, 'siap jual', ''),
(1035, 974, 'siap jual', ''),
(1036, 976, 'siap jual', ''),
(1037, 977, 'siap jual', ''),
(1038, 978, 'siap jual', ''),
(1039, 979, 'siap jual', ''),
(1040, 980, 'siap jual', ''),
(1041, 981, 'siap jual', ''),
(1042, 982, 'siap jual', ''),
(1043, 983, 'siap jual', ''),
(1044, 984, 'siap jual', ''),
(1045, 987, 'siap jual', ''),
(1046, 989, 'siap jual', ''),
(1047, 990, 'siap jual', ''),
(1048, 991, 'siap jual', ''),
(1049, 992, 'siap jual', ''),
(1050, 993, 'siap jual', ''),
(1051, 994, 'siap jual', ''),
(1052, 996, 'siap jual', ''),
(1053, 997, 'siap jual', ''),
(1054, 1000, 'siap jual', ''),
(1055, 1002, 'siap jual', ''),
(1056, 1003, 'siap jual', ''),
(1057, 1004, 'siap jual', ''),
(1058, 1005, 'siap jual', ''),
(1059, 1007, 'siap jual', ''),
(1060, 1009, 'siap jual', ''),
(1061, 1010, 'siap jual', ''),
(1062, 1012, 'siap jual', ''),
(1063, 1013, 'siap jual', ''),
(1064, 1014, 'siap jual', ''),
(1065, 1015, 'siap jual', ''),
(1066, 1018, 'siap jual', ''),
(1067, 1019, 'siap jual', ''),
(1068, 1021, 'siap jual', ''),
(1069, 1022, 'siap jual', ''),
(1070, 1023, 'siap jual', ''),
(1071, 1024, 'siap jual', ''),
(1072, 1025, 'siap jual', ''),
(1073, 1026, 'siap jual', ''),
(1074, 1027, 'siap jual', ''),
(1075, 1029, 'siap jual', ''),
(1076, 1030, 'siap jual', ''),
(1077, 1031, 'siap jual', ''),
(1078, 1032, 'siap jual', ''),
(1079, 1033, 'siap jual', ''),
(1080, 1035, 'siap jual', ''),
(1081, 1036, 'siap jual', ''),
(1082, 1037, 'siap jual', ''),
(1083, 1038, 'siap jual', ''),
(1084, 1039, 'siap jual', ''),
(1085, 1040, 'siap jual', ''),
(1086, 1041, 'siap jual', ''),
(1087, 1042, 'siap jual', ''),
(1088, 1043, 'siap jual', ''),
(1089, 1044, 'siap jual', ''),
(1090, 1045, 'siap jual', ''),
(1091, 1046, 'siap jual', ''),
(1092, 1049, 'siap jual', ''),
(1093, 1051, 'siap jual', ''),
(1094, 1052, 'siap jual', ''),
(1095, 1053, 'siap jual', ''),
(1096, 1054, 'siap jual', ''),
(1097, 1057, 'siap jual', ''),
(1098, 1058, 'siap jual', ''),
(1099, 1060, 'siap jual', ''),
(1100, 1061, 'siap jual', ''),
(1101, 1062, 'siap jual', ''),
(1102, 1063, 'siap jual', ''),
(1103, 1064, 'siap jual', ''),
(1104, 1065, 'siap jual', ''),
(1105, 1066, 'siap jual', ''),
(1106, 1067, 'siap jual', ''),
(1107, 1069, 'siap jual', ''),
(1108, 1070, 'siap jual', ''),
(1142, 1071, 'siap jual', ''),
(1143, 1072, 'siap jual', ''),
(1144, 1075, 'siap jual', ''),
(1145, 1076, 'siap jual', ''),
(1146, 1077, 'siap jual', ''),
(1147, 1078, 'siap jual', ''),
(1148, 1083, 'siap jual', ''),
(1149, 1086, 'siap jual', ''),
(1150, 1088, 'siap jual', ''),
(1151, 1090, 'siap jual', ''),
(1152, 1093, 'siap jual', ''),
(1153, 1096, 'siap jual', ''),
(1154, 1098, 'siap jual', ''),
(1155, 1099, 'siap jual', ''),
(1156, 1100, 'siap jual', ''),
(1157, 1102, 'siap jual', ''),
(1158, 1104, 'siap jual', ''),
(1159, 1106, 'siap jual', ''),
(1160, 1107, 'siap jual', ''),
(1161, 1109, 'siap jual', ''),
(1162, 1111, 'siap jual', ''),
(1163, 1113, 'siap jual', ''),
(1164, 1116, 'siap jual', ''),
(1165, 1117, 'siap jual', '');

-- --------------------------------------------------------

--
-- Struktur dari tabel `logs`
--

CREATE TABLE IF NOT EXISTS `logs` (
  `id` int(11) NOT NULL,
  `date` datetime NOT NULL,
  `logs` text NOT NULL
) ENGINE=InnoDB AUTO_INCREMENT=21 DEFAULT CHARSET=latin1;

--
-- Dumping data untuk tabel `logs`
--

INSERT INTO `logs` (`id`, `date`, `logs`) VALUES
(20, '2015-12-14 13:55:24', 'Insert data pembeli dengan nama : Jono Jontor // oleh user : yudis');

-- --------------------------------------------------------

--
-- Struktur dari tabel `motor`
--

CREATE TABLE IF NOT EXISTS `motor` (
  `id` int(11) NOT NULL,
  `warna` varchar(15) NOT NULL,
  `no_totok` int(11) NOT NULL,
  `no_rangka` varchar(20) NOT NULL,
  `no_mesin` varchar(20) NOT NULL,
  `tahun` varchar(4) NOT NULL,
  `keterangan` varchar(50) DEFAULT NULL,
  `id_jenis` int(11) NOT NULL,
  `status` enum('laku','belum terjual') NOT NULL DEFAULT 'belum terjual'
) ENGINE=InnoDB AUTO_INCREMENT=1118 DEFAULT CHARSET=latin1;

--
-- Dumping data untuk tabel `motor`
--

INSERT INTO `motor` (`id`, `warna`, `no_totok`, `no_rangka`, `no_mesin`, `tahun`, `keterangan`, `id_jenis`, `status`) VALUES
(1, 'BLUE BLACK', 1, 'MK4XCK2599J001126', 'I12560370', '2009', NULL, 3, 'belum terjual'),
(2, 'SILVER BLACK', 2, 'MK4XCK259CJ000884', 'LC152FMIXC240532', '2012', NULL, 3, 'belum terjual'),
(3, 'BLUE BLACK', 3, 'MK4XCK2598J000698', 'LC152FMIXC240635', '2008', NULL, 3, 'belum terjual'),
(4, 'BLUE BLACK', 4, 'MK4XCK2598J000278', 'LC152FMI1FC067535', '2008', NULL, 3, 'belum terjual'),
(5, 'BLUE BLACK', 5, 'MK4XCK2598J000791', 'LC152FMIXC240560', '2008', NULL, 3, 'belum terjual'),
(6, 'BLUE BLACK', 6, 'MK4XCK2598J000700', 'I12559137', '2008', NULL, 3, 'belum terjual'),
(7, 'SILVER BLACK', 7, 'MK4XCK2599J001136', 'I12560412', '2009', NULL, 3, 'belum terjual'),
(8, 'RED BLACK', 8, 'MK4XCK259CJ000781', 'LC152FMI1FC050690', '2012', NULL, 3, 'belum terjual'),
(9, 'RED BLACK', 9, 'MK4XCK2598J000599', 'I12558830', '2008', NULL, 3, 'belum terjual'),
(10, 'BLUE BLACK', 10, 'MK4XCK259CJ000742', 'I12560098', '2012', NULL, 3, 'belum terjual'),
(11, 'BLACK', 11, 'MK4XCK2599J000460', 'LC152FMI1FC050945', '2009', NULL, 3, 'belum terjual'),
(12, 'BLUE BLACK', 12, 'MK4XCK259CJ002512', 'I12559123', '2012', NULL, 3, 'belum terjual'),
(13, 'SILVER BLACK', 13, 'MK4XCK259CJ001734', 'LC152FMIXC240524', '2012', NULL, 3, 'belum terjual'),
(14, 'BLUE BLACK', 14, 'MK4XCK259CJ000601', 'LC152FMI1FC050829', '2012', NULL, 3, 'belum terjual'),
(15, 'BLUE BLACK', 15, 'MK4XCK259CJ000466', 'I12559154', '2012', NULL, 3, 'belum terjual'),
(16, 'BLUE BLACK', 16, 'MK4XCK259DJ001162', 'I12560037', '2013', NULL, 3, 'belum terjual'),
(17, 'BLUE BLACK', 17, 'MK4XCK2599J000813', 'LC152FMI1FC069475', '2009', NULL, 3, 'belum terjual'),
(18, 'BLUE BLACK', 18, 'MK4XCK2598J000321', 'LC152FMI1FC069520', '2008', NULL, 3, 'belum terjual'),
(19, 'RED BLACK', 19, 'MK4XCK2599J000806', 'I12558844', '2009', NULL, 3, 'belum terjual'),
(20, 'BLUE BLACK', 20, 'MK4XCK2599J000881', 'I12559028', '2009', NULL, 3, 'belum terjual'),
(21, 'BLACK', 21, 'MK4XCK2598J000513', 'LC152FMIXC240634', '2008', NULL, 3, 'belum terjual'),
(22, 'BLUE BLACK', 22, 'MK4XCK2599J000778', 'I12560039', '2009', NULL, 3, 'belum terjual'),
(23, 'BLUE BLACK', 23, 'MK4XCK2599J000490', 'I12559452', '2009', NULL, 3, 'belum terjual'),
(24, 'RED BLACK', 24, 'MK4XCK259DJ000610', 'LC152FMI1FC050901', '2013', NULL, 3, 'belum terjual'),
(25, 'BLUE BLACK', 25, 'MK4XCK2598J000581', 'LC152FMI1FC069535', '2008', NULL, 3, 'belum terjual'),
(26, 'RED BLACK', 26, 'MK4XCK2598J000582', 'I12559089', '2008', NULL, 3, 'belum terjual'),
(27, 'BLUE BLACK', 27, 'MK4XCK259CJ002966', 'I12559189', '2012', NULL, 3, 'belum terjual'),
(28, 'BLACK', 28, 'MK4XCK259DJ001440', 'I12559043', '2013', NULL, 3, 'belum terjual'),
(29, 'BLUE BLACK', 29, 'MK4XCK259CJ001157', 'I12559305', '2012', NULL, 3, 'belum terjual'),
(30, 'BLUE BLACK', 30, 'MK4XCK259CJ000726', 'LC152FMIXC240577', '2012', NULL, 3, 'belum terjual'),
(31, 'RED BLACK', 31, 'MK4XCK259DJ003678', 'LC152FMI1FC050957', '2013', NULL, 3, 'belum terjual'),
(32, 'BLUE BLACK', 32, 'MK4XCK2599J000927', 'LC152FMI1FC069775', '2009', NULL, 3, 'belum terjual'),
(33, 'SILVER BLACK', 33, 'MK4XCK259CJ000855', 'LC152FMIXC240700', '2012', NULL, 3, 'belum terjual'),
(34, 'RED BLACK', 34, 'MK4XCK259DJ002325', 'I12559262', '2013', NULL, 3, 'belum terjual'),
(35, 'RED BLACK', 35, 'MK4XCK2597J002474', 'I12559620', '2007', NULL, 3, 'belum terjual'),
(36, 'BLUE BLACK', 36, 'MK4XCK2598J000606', 'LC152FMIXC240708', '2008', NULL, 3, 'belum terjual'),
(37, 'BLUE BLACK', 37, 'MK4XCK259CJ000613', 'I12560062', '2012', NULL, 3, 'belum terjual'),
(38, 'BLUE BLACK', 38, 'MK4XCK2599J000443', 'LC152FMI1FC050963', '2009', NULL, 3, 'belum terjual'),
(39, 'BLUE BLACK', 39, 'MK4XCK259CJ000618', 'LC152FMI1FC069512', '2012', NULL, 3, 'belum terjual'),
(40, 'BLUE BLACK', 40, 'MK4XCK259CJ002329', 'I12559412', '2012', NULL, 3, 'belum terjual'),
(41, 'RED BLACK', 41, 'MK4XCK259CJ002511', 'I12559180', '2012', NULL, 3, 'belum terjual'),
(42, 'BLUE BLACK', 42, 'MK4XCK259CJ003537', 'LC152FMI1FC050847', '2012', NULL, 3, 'belum terjual'),
(43, 'RED BLACK', 43, 'MK4XCK259CJ002202', 'LC152FMI1FC069713', '2012', NULL, 3, 'belum terjual'),
(44, 'RED BLACK', 44, 'MK4XCK259DJ000577', 'I12559007', '2013', NULL, 3, 'belum terjual'),
(45, 'RED BLACK', 45, 'MK4XCK259CJ003688', 'LC152FMI1FC050732', '2012', NULL, 3, 'belum terjual'),
(46, 'BLUE BLACK', 46, 'MK4XCK2598J000464', 'I12560157', '2008', NULL, 3, 'belum terjual'),
(47, 'BLUE BLACK', 47, 'MK4XCK2598J000514', 'LC152FMIXC240583', '2008', NULL, 3, 'belum terjual'),
(48, 'BLUE BLACK', 48, 'MK4XCK259EJ004394', 'I12560339', '2014', NULL, 3, 'belum terjual'),
(49, 'BLUE BLACK', 49, 'MK4XCK259CJ000607', 'LC152FMI1FC050709', '2012', NULL, 3, 'belum terjual'),
(50, 'SILVER BLACK', 50, 'MK4XCK259CJ000470', 'I12559306', '2012', NULL, 3, 'belum terjual'),
(51, 'RED BLACK', 51, 'MK4XCK259CJ000671', 'LC152FMI1FC050712', '2012', NULL, 3, 'belum terjual'),
(52, 'BLACK', 52, 'MK4XCK259CJ001105', 'I12559109', '2012', NULL, 3, 'belum terjual'),
(53, 'RED BLACK', 53, 'MK4XCK2598J000346', 'I12559095', '2008', NULL, 3, 'belum terjual'),
(54, 'BLUE BLACK', 54, 'MK4XCK259CJ000864', 'I12559051', '2012', NULL, 3, 'belum terjual'),
(55, 'BLUE BLACK', 55, 'MK4XCK259CJ000619', 'I12560371', '2012', NULL, 3, 'belum terjual'),
(56, 'BLUE BLACK', 56, 'MK4XCK259CJ004222', 'LC152FMI1FC069580', '2012', NULL, 3, 'belum terjual'),
(57, 'RED BLACK', 57, 'MK4XCK2598J000454', 'LC152FMIXC240764', '2008', NULL, 3, 'belum terjual'),
(58, 'BLUE BLACK', 58, 'MK4XCK259CJ000913', 'I12559029', '2012', NULL, 3, 'belum terjual'),
(59, 'BLUE BLACK', 59, 'MK4XCK259CJ000868', 'LC152FMIXC240887', '2012', NULL, 3, 'belum terjual'),
(60, 'BLUE BLACK', 60, 'MK4XCK2597J001070', 'LC152FMIXC240720', '2007', NULL, 3, 'belum terjual'),
(61, 'RED BLACK', 61, 'MK4XCK259CJ000609', 'LC152FMI1FC050852', '2012', NULL, 3, 'belum terjual'),
(62, 'BLUE BLACK', 62, 'MK4XCK2598J006578', 'LC152FMI1FC069260', '2008', NULL, 3, 'belum terjual'),
(63, 'BLUE BLACK', 63, 'MK4XCK2598J000500', 'I12560192', '2008', NULL, 3, 'belum terjual'),
(64, 'RED BLACK', 64, 'MK4XCK259BJ000042', 'I12558070', '2011', NULL, 3, 'belum terjual'),
(65, 'RED BLACK', 65, 'MK4XCK259BJ000021', 'I12558857', '2011', NULL, 3, 'belum terjual'),
(66, 'SILVER BLACK', 66, 'MK4XCK2598J000448', 'LC152FMIXC240781', '2008', NULL, 3, 'belum terjual'),
(67, 'BLUE BLACK', 67, 'MK4XCK2598J000800', 'I12560327', '2008', NULL, 3, 'belum terjual'),
(68, 'RED BLACK', 68, 'MK4XCK2598J002033', 'LC152FMI1FC069626', '2008', NULL, 3, 'belum terjual'),
(69, 'RED BLACK', 69, 'MK4XCK259BJ000040', 'I12558955', '2011', NULL, 3, 'belum terjual'),
(70, 'SILVER BLACK', 70, 'MK4XCK2599J001106', 'I12560414', '2009', NULL, 3, 'belum terjual'),
(71, 'RED BLACK', 71, 'MK4XCK259BJ000049', 'I12559017', '2011', NULL, 3, 'belum terjual'),
(72, 'BLUE BLACK', 72, 'MK4XCK259BJ000043', 'LC152FMI1FC050918', '2011', NULL, 3, 'belum terjual'),
(73, 'BLUE BLACK', 73, 'MK4XCK2598J000531', 'LC152FMI1FC050907', '2008', NULL, 3, 'belum terjual'),
(74, 'BLUE BLACK', 74, 'MK4XCK259CJ000189', 'I12559498', '2012', NULL, 3, 'belum terjual'),
(75, 'SILVER BLACK', 75, 'MK4XCK2599J000456', 'LC152FMIXC240621', '2008', NULL, 3, 'belum terjual'),
(76, 'BLUE BLACK', 76, 'MK4XCK2599J001134', 'LC152FMIFC069541', '2009', NULL, 3, 'belum terjual'),
(77, 'BLUE BLACK', 77, 'MK4XCK2598J000603', 'LC152FMI1FC050758', '2008', NULL, 3, 'belum terjual'),
(78, 'BLUE BLACK', 78, 'MK4XCK2599J001100', 'LC152FMI1FC069767', '2009', NULL, 3, 'belum terjual'),
(79, 'BLACK', 79, 'MK4XCK2599J001391', 'LC152FMIXC240598', '2009', NULL, 3, 'belum terjual'),
(80, 'RED BLACK', 80, 'MK4XCK259BJ000039', 'I12559259', '2011', NULL, 3, 'belum terjual'),
(81, 'RED BLACK', 81, 'MK4XCK259BJ000033', 'I12559442', '2011', NULL, 3, 'belum terjual'),
(82, 'RED BLACK', 82, 'MK4XCK259BJ000034', 'I12560140', '2011', NULL, 3, 'belum terjual'),
(83, 'BLUE', 83, 'MK4XCGA09BJ000359', '150FMGFC078167', '2011', NULL, 3, 'belum terjual'),
(84, 'BLUE BLACK', 84, 'MK4XCGA09CJ002089', 'LC150FMGFD281268', '2012', NULL, 3, 'belum terjual'),
(85, 'BLUE BLACK', 85, 'MK4XCGA09CJ002080', 'LC150FMGFD281113', '2012', NULL, 3, 'belum terjual'),
(86, 'RED BLACK', 86, 'MK4XCGA098J006058', 'LC150FMGFJ216151', '2008', NULL, 3, 'belum terjual'),
(87, 'BLUE BLACK', 87, 'MK4XCGA09CJ003832', '150FMGFC065342', '2012', NULL, 3, 'belum terjual'),
(88, 'BLUE BLACK', 88, 'MK4XCGA098J003573', 'LC150FMGFD414790', '2008', NULL, 3, 'belum terjual'),
(89, 'BLUE BLACK', 89, 'MK4XCGA098J001517', '150FMGFC065458', '2008', NULL, 3, 'belum terjual'),
(90, 'BLUE BLACK', 90, 'MK4XCGA09CJ001497', 'LC150FMGFD381481', '2012', NULL, 3, 'belum terjual'),
(91, 'BLUE BLACK', 91, 'MK4XCGA098J000966', 'LC150FMGFD320893', '2008', NULL, 3, 'belum terjual'),
(92, 'BLUE BLACK', 92, 'MK4XCGA09CJ001404', 'LC150FMGFD281469', '2012', NULL, 3, 'belum terjual'),
(93, 'BLUE BLACK', 93, 'MK4XCGA09CJ003008', '150FMGFC078177', '2012', NULL, 3, 'belum terjual'),
(94, 'BLUE BLACK', 94, 'MK4XCGA09CJ001395', 'LC150FMGFD281324', '2012', NULL, 3, 'belum terjual'),
(95, 'BLUE BLACK', 95, 'MK4XCGA098J004004', 'LC150FMGFD281496', '2008', NULL, 3, 'belum terjual'),
(96, 'BLUE BLACK', 96, 'MK4XCGA09CJ009740', '150FMGFC078394', '2012', NULL, 3, 'belum terjual'),
(97, 'BLUE BLACK', 97, 'MK4XCGA09CJ001467', '150FMGFC078400', '2012', NULL, 3, 'belum terjual'),
(98, 'BLUE BLACK', 98, 'MK4XCGA098J001783', 'LC150FMGFD281348', '2008', NULL, 3, 'belum terjual'),
(99, 'BLUE BLACK', 99, 'MK4XCGA09CJ001305', '150FMGFC078419', '2012', NULL, 3, 'belum terjual'),
(100, 'BLUE BLACK', 100, 'MK4XCGA09CJ001492', '150FMGFC065321', '2012', NULL, 3, 'belum terjual'),
(101, 'BLUE BLACK', 101, 'MK4XCGA09CJ001466', 'LC150FMGFD281106', '2012', NULL, 3, 'belum terjual'),
(102, 'RED BLACK', 102, 'MK4XCGA09CJ002698', '150FMGFC078328', '2012', NULL, 3, 'belum terjual'),
(103, 'RED BLACK', 103, 'MK4XCGA098J000120', '150FMGFC078421', '2008', NULL, 3, 'belum terjual'),
(104, 'RED BLACK', 104, 'MK4XCGA098J001446', 'LC150FMGFD281224', '2008', NULL, 3, 'belum terjual'),
(105, 'RED BLACK', 105, 'MK4XCGA09CJ004228', '150FMGFC065323', '2012', NULL, 3, 'belum terjual'),
(106, 'RED BLACK', 106, 'MK4XCGA09CJ001387', 'LC150FMGFD261216', '2012', NULL, 3, 'belum terjual'),
(107, 'RED BLACK', 107, 'MK4XCGA098J003748', 'LC150FMGFD414938', '2008', NULL, 3, 'belum terjual'),
(108, 'BLUE BLACK', 108, 'MK4XCGA099J002110', 'LC150FMGFD320672', '2009', NULL, 3, 'belum terjual'),
(109, 'BLUE BLACK', 109, 'MK4XCGA098J003430', 'LC150FMGFD414972', '2008', NULL, 3, 'belum terjual'),
(110, 'BLUE BLACK', 110, 'MK4XCGA098J000950', 'LC150FMGFD320709', '2008', NULL, 3, 'belum terjual'),
(111, 'RED BLACK', 111, 'MK4XCGA099J001637', 'LC150FMGFD320808', '2009', NULL, 3, 'belum terjual'),
(112, 'RED BLACK', 112, 'MK4XCGA098J005711', 'LC150FMGFJ216487', '2008', NULL, 3, 'belum terjual'),
(113, 'RED BLACK', 113, 'MK4XCGA09CJ005658', 'LC150FMGFJ216400', '2012', NULL, 3, 'belum terjual'),
(114, 'RED BLACK', 114, 'MK4XCGA09CJ003519', 'LC150FMGFD414947', '2012', NULL, 3, 'belum terjual'),
(115, 'RED BLACK', 115, 'MK4XCGA09CJ006023', 'LC150FMGFJ216423', '2012', NULL, 3, 'belum terjual'),
(116, 'RED BLACK', 116, 'MK4XCGA09CJ001380', 'LC150FMGFD281121', '2012', NULL, 3, 'belum terjual'),
(117, 'RED BLACK', 117, 'MK4XCGA09CJ001390', 'LC150FMGFD281192', '2012', NULL, 3, 'belum terjual'),
(118, 'BLUE BLACK', 118, 'MK4XCGA09CJ001276', '150FMGFC065154', '2012', NULL, 3, 'belum terjual'),
(119, 'BLUE BLACK', 119, 'MK4XCGA09CJ001411', 'LC150FMGFD281207', '2012', NULL, 3, 'belum terjual'),
(120, 'BLACK', 120, 'MK4XCGA09CJ001497', 'LC150FMGFJ216501', '2012', NULL, 3, 'belum terjual'),
(121, 'RED BLACK', 121, 'MK4XCGA09CJ001361', '150FMGFC065141', '2012', NULL, 3, 'belum terjual'),
(122, 'BLUE BLACK', 122, 'MK4XCGA09CJ009715', '150FMGFC078411', '2012', NULL, 3, 'belum terjual'),
(123, 'RED BLACK', 123, 'MK4XCGA09CJ001737', 'LC150FMGFD281304', '2012', NULL, 3, 'belum terjual'),
(124, 'RED BLACK', 124, 'MK4XCGA09CJ006062', 'LC150FMGFJ216209', '2012', NULL, 3, 'belum terjual'),
(125, 'RED BLACK', 125, 'MK4XCGA09CJ002829', '150FMGFC078086', '2012', NULL, 3, 'belum terjual'),
(126, 'RED BLACK', 126, 'MK4XCGA09CJ005629', 'LC150FMGFD415049', '2012', NULL, 3, 'belum terjual'),
(127, 'BLUE BLACK', 127, 'MK4XCGA09CJ001410', 'LC150FMGFD281107', '2012', NULL, 3, 'belum terjual'),
(128, 'RED BLACK', 128, 'MK4XCGA09CJ001452', 'LC150FMGFD415053', '2012', NULL, 3, 'belum terjual'),
(129, 'BLUE BLACK', 129, 'MK4XCGA09CJ005263', 'LC150FMGFJ210502', '2012', NULL, 3, 'belum terjual'),
(130, 'RED BLACK', 130, 'MK4XCGA09CJ003489', 'LC150FMGFD414848', '2012', NULL, 3, 'belum terjual'),
(131, 'BLUE BLACK', 131, 'MK4XCGA09CJ001394', 'LC150FMGFD281135', '2012', NULL, 3, 'belum terjual'),
(132, 'RED BLACK', 132, 'MK4XCGA09CJ008023', '150FMGFC078450', '2012', NULL, 3, 'belum terjual'),
(133, 'SILVER BLACK', 133, 'MK4XCGA09CJ004638', 'LC150FMGFJ216129', '2012', NULL, 3, 'belum terjual'),
(134, 'RED BLACK', 134, 'MK4XCGA09CJ002995', '150FMGFC078078', '2012', NULL, 3, 'belum terjual'),
(135, 'RED BLACK', 135, 'MK4XCGA09CJ002482', '150FMGFD078345', '2012', NULL, 3, 'belum terjual'),
(136, 'BLUE BLACK', 136, 'MK4XCGA098J002481', '150FMGFC078380', '2008', NULL, 3, 'belum terjual'),
(137, 'BLUE BLACK', 137, 'MK4XCGA09CJ004304', 'LC150FMGFJ216349', '2012', NULL, 3, 'belum terjual'),
(138, 'BLUE BLACK', 138, 'MK4XCGA09CJ007227', 'LC150FMGFD281264', '2012', NULL, 3, 'belum terjual'),
(139, 'RED BLACK', 139, 'MK4XCGA09CJ006921', 'LC1150FMGFD281108', '2012', NULL, 3, 'belum terjual'),
(140, 'BLUE BLACK', 140, 'MK4XCGA099J001978', '150FMGFC078258', '2009', NULL, 3, 'belum terjual'),
(141, 'BLUE BLACK', 141, 'MK4XCGA09CJ001316', 'LC150FMGFD281371', '2012', NULL, 3, 'belum terjual'),
(142, 'RED BLACK', 142, 'MK4XCGA09CJ001358', '150FMGFC065142', '2012', NULL, 3, 'belum terjual'),
(143, 'BLUE BLACK', 143, 'MK4XCGA09CJ009957', 'LC150FMGFD281399', '2012', NULL, 3, 'belum terjual'),
(144, 'BLUE BLACK', 144, 'MK4XCGA09CJ000509', 'LC150FMGFJ216290', '2012', NULL, 3, 'belum terjual'),
(145, 'BLACK', 145, 'MK4XCGA09CJ004652', 'LC150FMGFJ216359', '2012', NULL, 3, 'belum terjual'),
(146, 'RED BLACK', 146, 'MK4XCGA09CJ004168', 'LC150FMGFD281456', '2012', NULL, 3, 'belum terjual'),
(147, 'BLUE BLACK', 147, 'MK4XCGA09CJ001560', '150FMGFC078117', '2012', NULL, 3, 'belum terjual'),
(148, 'BLUE BLACK', 148, 'MK4XCGA098J005642', '150FMGFC078253', '2008', NULL, 3, 'belum terjual'),
(149, 'BLACK', 149, 'MK4XCGA09CJ004605', 'LC150FMGFJ216321', '2012', NULL, 3, 'belum terjual'),
(150, 'BLUE BLACK', 150, 'MK4XCGA09CJ002455', '150FMGFC078156', '2012', NULL, 3, 'belum terjual'),
(151, 'BLUE BLACK', 151, 'MK4XCGA098J003354', 'LC150FMGFD415076', '2008', NULL, 3, 'belum terjual'),
(152, 'RED BLACK', 152, 'MK4XCGA09CJ003738', 'LC150FMGFD415173', '2012', NULL, 3, 'belum terjual'),
(153, 'RED BLACK', 153, 'MK4XCGA097J006884', 'LC150FMGFD281124', '2007', NULL, 3, 'belum terjual'),
(154, 'BLUE BLACK', 154, 'MK4XCGA09CJ003060', 'LC150FMGFD281441', '2012', NULL, 3, 'belum terjual'),
(155, 'BLUE BLACK', 155, 'MK4XCGA09CJ001580', '150FMGFC065248', '2012', NULL, 3, 'belum terjual'),
(156, 'RED BLACK', 156, 'MK4XCGA09CJ003901', 'LC150FMGFD414832', '2012', NULL, 3, 'belum terjual'),
(157, 'BLUE BLACK', 157, 'MK4XCGA09CJ002596', '150FMGFC078402', '2012', NULL, 3, 'belum terjual'),
(158, 'BLUE BLACK', 158, 'MK4XCGA09CJ004882', 'LC150FMGFJ216267', '2012', NULL, 3, 'belum terjual'),
(159, 'BLUE BLACK', 159, 'MK4XCGA09CJ005270', 'LC150FMGFJ216164', '2012', NULL, 3, 'belum terjual'),
(160, 'RED BLACK', 160, 'MK4XCGA09CJ003745', 'LC150FMGFD415152', '2012', NULL, 3, 'belum terjual'),
(161, 'RED BLACK', 161, 'MK4XCGA09CJ003868', 'LC150FMGFD415155', '2012', NULL, 3, 'belum terjual'),
(162, 'BLUE BLACK', 162, 'MK4XCGA09CJ000947', 'LC150FMGFD320654', '2012', NULL, 3, 'belum terjual'),
(163, 'BLUE BLACK', 163, 'MK4XCGA09CJ001032', 'LC150FMGFD320846', '2012', NULL, 3, 'belum terjual'),
(164, 'RED BLACK', 164, 'MK4XCGA098J006042', 'LC150FMGFJ216533', '2008', NULL, 3, 'belum terjual'),
(165, 'RED BLACK', 165, 'MK4XCGA099J003522', '150FMGFC065145', '2009', NULL, 3, 'belum terjual'),
(166, 'BLUE BLACK', 166, 'MK4XCGA09CJ001304', '150FMGFC078369', '2012', NULL, 3, 'belum terjual'),
(167, 'BLUE BLACK', 167, 'MK4XCGA098J001043', 'LC150FMGFD320734', '2008', NULL, 3, 'belum terjual'),
(168, 'BLUE BLACK', 168, 'MK4XCGA098J003365', 'LC150FMGFD414896', '2008', NULL, 3, 'belum terjual'),
(169, 'RED BLACK', 169, 'MK4XCGA09CJ001401', 'LC150FMGFD281400', '2012', NULL, 3, 'belum terjual'),
(170, 'BLUE BLACK', 170, 'MK4XCGA099J002633', 'LC150FMGFD320759', '2008', NULL, 3, 'belum terjual'),
(171, 'BLACK', 171, 'MK4XCGA09CJ004590', 'LC150FMGFJ216216', '2012', NULL, 3, 'belum terjual'),
(172, 'BLUE BLACK', 172, 'MK4XCGA099J001753', 'LC150FMGFD415074', '2009', NULL, 3, 'belum terjual'),
(173, 'BLUE BLACK', 173, 'MK4XCGA09CJ001469', 'LC150FMGFD281487', '2012', NULL, 3, 'belum terjual'),
(174, 'RED BLACK', 174, 'MK4XCGA09CJ001774', 'LC150FMGFD261174', '2012', NULL, 3, 'belum terjual'),
(175, 'RED BLACK', 175, 'MK4XCGA09CJ003533', 'LC150FMGFD415141', '2012', NULL, 3, 'belum terjual'),
(176, 'BLUE BLACK', 176, 'MK4XCGA09CJ001679', 'LC150FMGFJ216367', '2012', NULL, 3, 'belum terjual'),
(177, 'BLUE BLACK', 177, 'MK4XCGA09CJ001409', 'LC150FMGFD281137', '2012', NULL, 3, 'belum terjual'),
(178, 'BLUE BLACK', 178, 'MK4XCGA09CJ004949', 'LC150FMGFJ216144', '2012', NULL, 3, 'belum terjual'),
(179, 'BLUE BLACK', 179, 'MK4XCGA098J004942', 'LC150FMGFJ216303', '2008', NULL, 3, 'belum terjual'),
(180, 'RED BLACK', 180, 'MK4XCGA09CJ001400', 'LC150FMGFD281134', '2012', NULL, 3, 'belum terjual'),
(181, 'BLUE BLACK', 181, 'MK4XCGA09CJ001397', 'LC150FMGFD281450', '2012', NULL, 3, 'belum terjual'),
(182, 'BLUE BLACK', 182, 'MK4XCGA098J005334', 'LC150FMGFJ216447', '2008', NULL, 3, 'belum terjual'),
(183, 'RED BLACK', 183, 'MK4XCGA098J003751', 'LC150FMGFD415147', '2008', NULL, 3, 'belum terjual'),
(184, 'BLUE BLACK', 184, 'MK4XCGA09CJ001460', '150FMGFC065297', '2012', NULL, 3, 'belum terjual'),
(185, 'BLUE BLACK', 185, 'MK4XCGA09CJ003306', 'LC150FMGFD414952', '2012', NULL, 3, 'belum terjual'),
(186, 'BLUE BLACK', 186, 'MK4XCGA09CJ004938', 'LC150FMGFJ216294', '2012', NULL, 3, 'belum terjual'),
(187, 'BLACK ', 187, 'MK4XCGA09CJ004915', 'LC150FMGFJ216323', '2012', NULL, 3, 'belum terjual'),
(188, 'RED BLACK', 188, 'MK4XCGA09CJ001511', '150FMGFC065083', '2012', NULL, 3, 'belum terjual'),
(189, 'BLUE BLACK', 189, 'MK4XCGA09CJ001094', '150FMGFD070597', '2012', NULL, 3, 'belum terjual'),
(190, 'BLUE BLACK', 190, 'MK4XCGA09CJ005689', 'LC150FMGFJ216648', '2012', NULL, 3, 'belum terjual'),
(191, 'BLUE BLACK', 191, 'MK4XCGA09CJ004167', 'LC150FMGFJ216551', '2012', NULL, 3, 'belum terjual'),
(192, 'BLUE BLACK', 192, 'MK4XCGA09CJ003397', 'LC150FMGFD415069', '2012', NULL, 3, 'belum terjual'),
(193, 'BLUE BLACK', 193, 'MK4XCGA09CJ002059', 'LC150FMGFD320791', '2012', NULL, 3, 'belum terjual'),
(194, 'BLACK ', 194, 'MK4XCGA09CJ004591', 'LC150FMGFJ216260', '2012', NULL, 3, 'belum terjual'),
(195, 'BLUE BLACK', 195, 'MK4XCGA09CJ000133', '150FMGFC065410', '2009', NULL, 3, 'belum terjual'),
(196, 'BLACK ', 196, 'MK4XCGA09CJ001251', 'LC150FMGFJ216390', '2009', NULL, 3, 'belum terjual'),
(197, 'RED BLACK', 197, 'MK4XCGA098J001278', '150FMGFC065391', '2008', NULL, 3, 'belum terjual'),
(198, 'RED BLACK', 198, 'MK4XCGA09CJ006033', 'LC150FMGFJ216232', '2012', NULL, 3, 'belum terjual'),
(199, 'BLUE BLACK', 199, 'MK4XCGA099J001829', 'LC150FMGFD414948', '2008', NULL, 3, 'belum terjual'),
(200, 'BLUE BLACK', 200, 'MK4XCGA09CJ005279', 'LC150FMGFJ216581', '2012', NULL, 3, 'belum terjual'),
(201, 'BLUE BLACK', 201, 'MK4XCGA098J001275', '150FMGFC065431', '2008', NULL, 3, 'belum terjual'),
(202, 'BLUE BLACK', 202, 'MK4XCGA09CJ001034', 'LC150FMGFD320856', '2012', NULL, 3, 'belum terjual'),
(203, 'RED BLACK', 203, 'MK4XCGA09CJ006091', '150FMGFC078096', '2012', NULL, 3, 'belum terjual'),
(204, 'RED BLACK', 204, 'MK4XCGA09CJ001386', 'LC150FMGFD281238', '2012', NULL, 3, 'belum terjual'),
(205, 'RED BLACK', 205, 'MK4XCGA09CJ002670', 'LC150FMGFD414824', '2012', NULL, 3, 'belum terjual'),
(206, 'BLACK ', 206, 'MK4XCGA09CJ000722', 'LC150FMGFD414979', '2012', NULL, 3, 'belum terjual'),
(207, 'BLUE BLACK', 207, 'MK4XCGA09CJ005245', 'LC150FMGFJ216351', '2012', NULL, 3, 'belum terjual'),
(208, 'BLACK ', 208, 'MK4XCGA09CJ000720', 'LC150FMGFD415110', '2012', NULL, 3, 'belum terjual'),
(209, 'BLUE BLACK', 209, 'MK4XCGA09CJ000526', '150FMGFC065285', '2012', NULL, 3, 'belum terjual'),
(210, 'RED BLACK', 210, 'MK4XCGA09CJ003714', 'LC150FMGFD414965', '2012', NULL, 3, 'belum terjual'),
(211, 'BLUE BLACK', 211, 'MK4XCGA09CJ005702', 'LC150FMGFJ216614', '2012', NULL, 3, 'belum terjual'),
(212, 'BLUE BLACK', 212, 'MK4XCGA09CJ001393', 'LC150FMGFD281486', '2012', NULL, 3, 'belum terjual'),
(213, 'RED BLACK', 213, 'MK4XCGA09CJ006045', 'LC150FMGFJ216439', '2012', NULL, 3, 'belum terjual'),
(214, 'BLUE BLACK', 214, 'MK4XCGA09CJ005742', 'LC150FMGFJ216656', '2012', NULL, 3, 'belum terjual'),
(215, 'RED BLACK', 215, 'MK4XCGA09CJ001399', 'LC150FMGFD281479', '2012', NULL, 3, 'belum terjual'),
(216, 'RED BLACK', 216, 'MK4XCGA09CJ003510', 'LC150FMGFD415088', '2012', NULL, 3, 'belum terjual'),
(217, 'BLUE BLACK', 217, 'MK4XCGA09CJ001059', 'LC150FMGFD281236', '2012', NULL, 3, 'belum terjual'),
(218, 'RED BLACK', 218, 'MK4XCGA098J006037', 'LC150FMGFJ216177', '2008', NULL, 3, 'belum terjual'),
(219, 'BLUE BLACK', 219, 'MK4XCGA09CJ002963', '150FMGFC078087', '2012', NULL, 3, 'belum terjual'),
(220, 'BLUE BLACK', 220, 'MK4XCGA09CJ001961', 'LC150FMGFD281477', '2012', NULL, 3, 'belum terjual'),
(221, 'RED BLACK', 221, 'MK4XCGA09CJ006017', 'LC150FMGFJ216191', '2012', NULL, 3, 'belum terjual'),
(222, 'RED BLACK', 222, 'MK4XCGA098J006036', 'LC150FMGFJ216440', '2008', NULL, 3, 'belum terjual'),
(223, 'RED BLACK', 223, 'MK4XCGA09CJ003520', '150FMGFC065091', '2012', NULL, 3, 'belum terjual'),
(224, 'RED BLACK', 224, 'MK4XCGA09CJ005404', '150FMGFC065442', '2012', NULL, 3, 'belum terjual'),
(225, 'RED BLACK', 225, 'MK4XCGA09CJ005707', 'LC150FMGFJ216331', '2012', NULL, 3, 'belum terjual'),
(226, 'BLUE BLACK', 226, 'MK4XCGA09CJ003378', 'LC150FMGFD415034', '2012', NULL, 3, 'belum terjual'),
(227, 'BLACK ', 227, 'MK4XCGA09CJ004918', 'LC150FMGFJ216652', '2012', NULL, 3, 'belum terjual'),
(228, 'RED BLACK', 228, 'MK4XCGA098J003505', 'LC150FMGFD414863', '2008', NULL, 3, 'belum terjual'),
(229, 'RED BLACK', 229, 'MK4XCGA09CJ009713', '150FMGFC078070', '2012', NULL, 3, 'belum terjual'),
(230, 'RED BLACK', 230, 'MK4XCGA09CJ004721', '150FMGFC065416', '2012', NULL, 3, 'belum terjual'),
(231, 'RED BLACK', 231, 'MK4XCGA09CJ001716', '150FMGFC078407', '2012', NULL, 3, 'belum terjual'),
(232, 'BLUE BLACK', 232, 'MK4XCGA09CJ003359', 'LC150FMGFD415084', '2012', NULL, 3, 'belum terjual'),
(233, 'BLACK ', 233, 'MK4XCGA098J004617', 'LC150FMGFJ216428', '2008', NULL, 3, 'belum terjual'),
(234, 'BLUE BLACK', 234, 'MK4XCGA09CJ004895', 'LC150FMGFJ216358', '2012', NULL, 3, 'belum terjual'),
(235, 'RED BLACK', 235, 'MK4XCGA098J003889', 'LC150FMGFD415098', '2008', NULL, 3, 'belum terjual'),
(236, 'BLUE BLACK', 236, 'MK4XCGA09CJ000740', 'LC150FMGFD281282', '2012', NULL, 3, 'belum terjual'),
(237, 'BLACK ', 237, 'MK4XCGA09CJ004633', 'LC150FMGFJ216312', '2012', NULL, 3, 'belum terjual'),
(238, 'BLACK ', 238, 'MK4XCGA09BJ000027', 'LC150FMGFJ216396', '2011', NULL, 3, 'belum terjual'),
(239, 'RED BLACK', 239, 'MK4XCGA09CJ005619', 'LC150FMGFJ216522', '2012', NULL, 3, 'belum terjual'),
(240, 'RED BLACK', 240, 'MK4XCGA099J005622', 'LC150FMGFD414853', '2009', NULL, 3, 'belum terjual'),
(241, 'RED BLACK', 241, 'MK4XCGA098J003527', 'LC150FMGFD415164', '2008', NULL, 3, 'belum terjual'),
(242, 'RED BLACK', 242, 'MK4XCGA09CJ005612', 'LC150FMGFD414891', '2012', NULL, 3, 'belum terjual'),
(243, 'BLUE BLACK', 243, 'MK4XCGA09CJ000511', 'LC150FMGFD415150', '2012', NULL, 3, 'belum terjual'),
(244, 'BLUE BLACK', 244, 'MK4XCGA09CJ005832', 'LC150FMGFJ2164202', '2012', NULL, 3, 'belum terjual'),
(245, 'RED BLACK', 245, 'MK4XCGA09CJ000573', 'LC150FMGFD415024', '2012', NULL, 3, 'belum terjual'),
(246, 'BLACK ', 246, 'MK4XCGA098J004600', 'LC150FMGFJ216518', '2008', NULL, 3, 'belum terjual'),
(247, 'RED BLACK', 247, 'MK4XCGA09CJ000565', 'LC150FMGFD414902', '2012', NULL, 3, 'belum terjual'),
(248, 'BLUE BLACK', 248, 'MK4XCGA09CJ000566', 'LC150FMGFJ216286', '2012', NULL, 3, 'belum terjual'),
(249, 'BLUE BLACK', 249, 'MK4XCK2598J001234', 'LC152FMI1FC050583', '2008', NULL, 3, 'belum terjual'),
(250, 'BLACK ', 250, 'MK4XCGA098J004623', 'LC150FMGFJ216509', '2008', NULL, 3, 'belum terjual'),
(251, 'BLUE BLACK', 251, 'MK4XCGA098J004952', 'LC150FMGFJ216443', '2008', NULL, 3, 'belum terjual'),
(252, 'RED BLACK', 252, 'MK4XCGA098J003903', 'LC150FMGFD415188', '2008', NULL, 3, 'belum terjual'),
(253, 'BLUE BLACK', 253, 'MK4XCGA09CJ004657', 'LC150FMGFJ216233', '2012', NULL, 3, 'belum terjual'),
(254, 'BLUE BLACK', 254, 'MK4XCK2599J001132', 'LC152FMI1FC050610', '2009', NULL, 3, 'belum terjual'),
(255, 'RED BLACK', 255, 'MK4XCGA09CJ001790', 'LC150FMGFD281366', '2012', NULL, 3, 'belum terjual'),
(256, 'BLUE BLACK', 256, 'MK4XCGA099J002482', 'LC150FMGFJ216436', '2009', NULL, 3, 'belum terjual'),
(257, 'BLUE BLACK', 257, 'MK4XCGA09CJ005611', 'LC150FMGFJ216441', '2012', NULL, 3, 'belum terjual'),
(258, 'RED BLACK', 258, 'MK4XCGA098J003729', 'LC150FMGFD415064', '2008', NULL, 3, 'belum terjual'),
(259, 'BLUE BLACK', 259, 'MK4XCGA09CJ004932', 'LC150FMGFJ216493', '2012', NULL, 3, 'belum terjual'),
(260, 'BLUE BLACK', 260, 'MK4XCGA09CJ005608', 'LC150FMGFJ216188', '2012', NULL, 3, 'belum terjual'),
(261, 'BLUE BLACK', 261, 'MK4XCGA09CJ000574', 'LC150FMGFJ216137', '2012', NULL, 3, 'belum terjual'),
(262, 'BLUE BLACK', 262, 'MK4XCGA099J005620', 'LC150FMGFJ216326', '2009', NULL, 3, 'belum terjual'),
(263, 'BLUE BLACK', 263, 'MK4XCGA09CJ002088', 'LC150FMGFJ216577', '2012', NULL, 3, 'belum terjual'),
(264, 'RED BLACK', 264, 'MK4XCGA098J003882', 'LC150FMGFD414998', '2008', NULL, 3, 'belum terjual'),
(265, 'BLUE BLACK', 265, 'MK4XCGA099J001949', 'LC150FMGFD320695', '2009', NULL, 3, 'belum terjual'),
(266, 'BLUE BLACK', 266, 'MK4XCGA09CJ001532', '150FMGFC078079', '2012', NULL, 3, 'belum terjual'),
(267, 'RED BLACK', 267, 'MK4XCGA098J003907', 'LC150FMGFD415058', '2008', NULL, 3, 'belum terjual'),
(268, 'RED BLACK', 268, 'MK4XCGA098J003904', 'LC150FMGFD415119', '2008', NULL, 3, 'belum terjual'),
(269, 'BLUE BLACK', 269, 'MK4XCGA09CJ002849', '150FMGFC065444', '2012', NULL, 3, 'belum terjual'),
(270, 'RED BLACK', 270, 'MK4XCGA09CJ000787', '150FMGFC078148', '2012', NULL, 3, 'belum terjual'),
(271, 'RED BLACK', 271, 'MK4XCGA098J007128', 'LC150FMGFD281418', '2008', NULL, 3, 'belum terjual'),
(272, 'BLUE BLACK', 272, 'MK4XCGA09CJ005237', 'LC150FMGFJ216270', '2012', NULL, 3, 'belum terjual'),
(273, 'RED BLACK', 273, 'MK4XCGA09CJ001800', 'LC150FMGFD281298', '2012', NULL, 3, 'belum terjual'),
(274, 'BLUE BLACK', 274, 'MK4XCGA09CJ003785', '150FMGFC065295', '2012', NULL, 3, 'belum terjual'),
(275, 'BLUE BLACK', 275, 'MK4XCGA099J002067', 'LC150FMGFD415175', '2009', NULL, 3, 'belum terjual'),
(276, 'BLACK ', 276, 'MK4XCGA09CJ004258', 'LC150FMGFJ216240', '2012', NULL, 3, 'belum terjual'),
(277, 'RED BLACK', 277, 'MK4XCGA09CJ002492', '150FMGFC078242', '2012', NULL, 3, 'belum terjual'),
(278, 'BLUE BLACK', 278, 'MK4XCGA09CJ000766', '150FMGFC078293', '2012', NULL, 3, 'belum terjual'),
(279, 'RED BLACK', 279, 'MK4XCGA09CJ001391', 'LC150FMGFD281125', '2012', NULL, 3, 'belum terjual'),
(280, 'BLUE BLACK', 280, 'MK4XCGA09CJ001957', '150FMGFC078401', '2012', NULL, 3, 'belum terjual'),
(281, 'BLACK ', 281, 'MK4XCGA09CJ003526', 'LC150FMGFD414819', '2012', NULL, 3, 'belum terjual'),
(282, 'RED BLACK', 282, 'MK4XCGA09CJ001392', 'LC150FMGFD281122', '2012', NULL, 3, 'belum terjual'),
(283, 'RED BLACK', 283, 'MK4XCGA098J003720', 'LC150FMGFD415030', '2008', NULL, 3, 'belum terjual'),
(284, 'BLUE BLACK', 284, 'MK4XCGA09CJ005684', 'LC150FMGFJ216310', '2012', NULL, 3, 'belum terjual'),
(285, 'RED BLACK', 285, 'MK4XCGA098J003887', 'LC150FMGFD415160', '2008', NULL, 3, 'belum terjual'),
(286, 'RED BLACK', 286, 'MK4XCGA098J003553', 'LC150FMGFD415090', '2008', NULL, 3, 'belum terjual'),
(287, 'RED BLACK', 287, 'MK4XCGA09CJ003746', 'LC150FMGFD414841', '2012', NULL, 3, 'belum terjual'),
(288, 'BLUE BLACK', 288, 'MK4XCGA09CJ000770', '150FMGFC078141', '2012', NULL, 3, 'belum terjual'),
(289, 'BLACK ', 289, 'MK4XCGA098J004625', 'LC150FMGFJ216238', '2008', NULL, 3, 'belum terjual'),
(290, 'BLACK ', 290, 'MK4XCGA098J004588', 'LC150FMGFJ216587', '2008', NULL, 3, 'belum terjual'),
(291, 'BLACK', 291, 'MK4XCGA099J002450', 'LC150FMGFJ216430', '2009', NULL, 3, 'belum terjual'),
(292, 'BLACK', 292, 'MK4XCGA09CJ004651', 'LC150FMGFJ216559', '2012', NULL, 3, 'belum terjual'),
(293, 'BLUE BLACK', 293, 'MK4XCGA09CJ003316', 'LC150FMGFD415013', '2012', NULL, 3, 'belum terjual'),
(294, 'RED BLACK', 294, 'MK4XCGA09CJ001178', 'LC150FMGFJ216642', '2012', NULL, 3, 'belum terjual'),
(295, 'BLUE BLACK', 295, 'MK4XCGA09CJ003768', '150FMGFC078423', '2012', NULL, 3, 'belum terjual'),
(296, 'BLUE BLACK', 296, 'MK4XCGA09CJ002827', '150FMGFC078146', '2012', NULL, 3, 'belum terjual'),
(297, 'RED BLACK', 297, 'MK4XCGA09CJ004208', 'LC150FMGFD281193', '2012', NULL, 3, 'belum terjual'),
(298, 'BLACK', 298, 'MK4XCGA09CJ004585', 'LC150FMGFJ216162', '2012', NULL, 3, 'belum terjual'),
(299, 'BLUE BLACK', 299, 'MK4XCGA09CJ003858', 'LC150FMGFD415166', '2012', NULL, 3, 'belum terjual'),
(300, 'BLUE BLACK', 300, 'MK4XCGA09CJ001754', 'LC150FMGFD320659', '2012', NULL, 3, 'belum terjual'),
(301, 'BLUE BLACK', 301, 'MK4XCGA09CJ005308', 'LC150FMGFJ216504', '2012', NULL, 3, 'belum terjual'),
(302, 'BLUE BLACK', 302, 'MK4XCGA099J002671', 'LC150FMGFJ216491', '2009', NULL, 3, 'belum terjual'),
(303, 'BLUE BLACK', 303, 'MK4XCGA09CJ001791', 'LC150FMGFD415077', '2012', NULL, 3, 'belum terjual'),
(304, 'RED BLACK', 304, 'MK4XCGA09CJ001443', '150FMGFC065434', '2012', NULL, 3, 'belum terjual'),
(305, 'RED BLACK', 305, 'MK4XCGA09CJ006093', '150FMGFC078422', '2012', NULL, 3, 'belum terjual'),
(306, 'BLUE BLACK', 306, 'MK4XCGA09CJ003560', 'LC150FMGFD414823', '2012', NULL, 3, 'belum terjual'),
(307, 'BLUE BLACK', 307, 'MK4XCGA09CJ001959', 'LC150FMGFD281115', '2012', NULL, 3, 'belum terjual'),
(308, 'BLUE BLACK', 308, 'MK4XCGA09CJ001099', 'LC150FMGFD281345', '2012', NULL, 3, 'belum terjual'),
(309, 'BLUE BLACK', 309, 'MK4XCGA099J004193', 'LC150FMGFD281294', '2009', NULL, 3, 'belum terjual'),
(310, 'BLUE BLACK', 310, 'MK4XCGA09CJ001408', 'LC150FMGFD281223', '2012', NULL, 3, 'belum terjual'),
(311, 'BLUE BLACK', 311, 'MK4XCGA09CJ002696', 'LC150FMGFD281464', '2012', NULL, 3, 'belum terjual'),
(312, 'RED BLACK', 312, 'MK4XCGA09CJ006021', 'LC150FMGFJ216634', '2012', NULL, 3, 'belum terjual'),
(313, 'BLUE BLACK', 313, 'MK4XCGA09CJ003395', 'LC150FMGFD414969', '2012', NULL, 3, 'belum terjual'),
(314, 'BLUE BLACK', 314, 'MK4XCGA099J001741', 'LC150FMGFD281247', '2009', NULL, 3, 'belum terjual'),
(315, 'BLUE BLACK', 315, 'MK4XCGA09CJ001485', '150FMGFC065133', '2012', NULL, 3, 'belum terjual'),
(316, 'BLUE BLACK', 316, 'MK4XCGA09CJ000953', 'LC150FMGFD320857', '2012', NULL, 3, 'belum terjual'),
(317, 'BLUE BLACK', 317, 'MK4XCGA09CJ005686', 'LC150FMGFJ216610', '2012', NULL, 3, 'belum terjual'),
(318, 'BLACK', 318, 'MK4XCGA09CJ004921', 'LC150FMGFJ216131', '2012', NULL, 3, 'belum terjual'),
(319, 'RED BLACK', 319, 'MK4XCGA09CJ005679', 'LC150FMGFJ216417', '2012', NULL, 3, 'belum terjual'),
(320, 'BLUE BLACK', 320, 'MK4XCGA09CJ003385', 'LC150FMGFD415136', '2012', NULL, 3, 'belum terjual'),
(321, 'BLUE BLACK', 321, 'MK4XCGA09CJ003827', '150FMGFC065251', '2012', NULL, 3, 'belum terjual'),
(322, 'BLACK ', 322, 'MK4XCGA09CJ004629', 'LC150FMGFJ216246', '2012', NULL, 3, 'belum terjual'),
(323, 'RED BLACK', 323, 'MK4XCGA098J003800', 'LC150FMGFD414916', '2008', NULL, 3, 'belum terjual'),
(324, 'BLUE BLACK', 324, 'MK4XCGA09CJ002036', 'LC150FMGFJ216265', '2012', NULL, 3, 'belum terjual'),
(325, 'BLUE BLACK', 325, 'MK4XCGA09CJ001786', 'LC150FMGFD320820', '2012', NULL, 3, 'belum terjual'),
(326, 'RED BLACK', 326, 'MK4XCGA098J003902', 'LC150FMGFD415187', '2008', NULL, 3, 'belum terjual'),
(327, 'BLUE BLACK', 327, 'MK4XCGA098J001085', 'LC150FMGFD320666', '2008', NULL, 3, 'belum terjual'),
(328, 'RED BLACK', 328, 'MK4XCGA09CJ000513', 'LC150FMGFJ216340', '2012', NULL, 3, 'belum terjual'),
(329, 'BLUE BLACK', 329, 'MK4XCGA09CJ005278', 'LC150FMGFJ216525', '2012', NULL, 3, 'belum terjual'),
(330, 'RED BLACK', 330, 'MK4XCGA09CJ003534', 'LC150FMGFD415008', '2012', NULL, 3, 'belum terjual'),
(331, 'RED BLACK', 331, 'MK4XCGA09CJ001710', 'LC150FMGFD281222', '2012', NULL, 3, 'belum terjual'),
(332, 'RED BLACK', 332, 'MK4XCGA09CJ003718', 'LC150FMGFD414889', '2012', NULL, 3, 'belum terjual'),
(333, 'BLUE BLACK', 333, 'MK4XCGA09CJ004207', 'LC150FMGFD415052', '2012', NULL, 3, 'belum terjual'),
(334, 'BLUE BLACK', 334, 'MK4XCGA09CJ001096', 'LC150FMGFD414802', '2009', NULL, 3, 'belum terjual'),
(335, 'BLUE BLACK', 335, 'MK4XCGA09CJ000992', 'LC150FMGFD320762', '2012', NULL, 3, 'belum terjual'),
(336, 'BLACK ', 336, 'MK4XCGA09CJ004922', 'LC150FMGFJ216305', '2012', NULL, 3, 'belum terjual'),
(337, 'RED BLACK', 337, 'MK4XCGA099J001456', '150FMGFC065300', '2009', NULL, 3, 'belum terjual'),
(338, 'BLACK ', 338, 'MK4XCGA098J004613', 'LC150FMGFJ216240', '2008', NULL, 3, 'belum terjual'),
(339, 'RED BLACK', 339, 'MK4XCGA09CJ001457', '150FMGFC065085', '2012', NULL, 3, 'belum terjual'),
(340, 'BLUE BLACK', 340, 'MK4XCGA09CJ004886', 'LC150FMGFJ216630', '2012', NULL, 3, 'belum terjual'),
(341, 'RED BLACK', 341, 'MK4XCGA09CJ005713', 'LC150FMGFJ216611', '2012', NULL, 3, 'belum terjual'),
(342, 'RED BLACK', 342, 'MK4XCGA098J006046', 'LC150FMGFJ216431', '2008', NULL, 3, 'belum terjual'),
(343, 'BLUE BLACK', 343, 'MK4XCGA09CJ005282', 'LC150FMGFJ216599', '2012', NULL, 3, 'belum terjual'),
(344, 'BLUE BLACK', 344, 'MK4XCGA09CJ005193', '150FMGFC005179', '2012', NULL, 3, 'belum terjual'),
(345, 'RED BLACK', 345, 'MK4XCGA09CJ001481', 'LC150FMGFD414907', '2012', NULL, 3, 'belum terjual'),
(346, 'RED BLACK', 346, 'MK4XCGA098J005728', 'LC150FMGFJ216517', '2008', NULL, 3, 'belum terjual'),
(347, 'BLUE BLACK', 347, 'MK4XCGA09CJ005628', 'LC150FMGFJ216226', '2012', NULL, 3, 'belum terjual'),
(348, 'RED BLACK', 348, 'MK4XCK259CJ001454', 'I12560049', '2012', NULL, 3, 'belum terjual'),
(349, 'BLUE BLACK', 349, 'MK4XCGA099J001832', 'LC150FMGFD414820', '2009', NULL, 3, 'belum terjual'),
(350, 'BLUE BLACK', 350, 'MK4XCGA098J005243', 'LC150FMGFJ216289', '2008', NULL, 3, 'belum terjual'),
(351, 'RED BLACK', 351, 'MK4XCGA09CJ003884', 'LC150FMGFD414807', '2012', NULL, 3, 'belum terjual'),
(352, 'BLUE BLACK', 352, 'MK4XCGA09CJ005300', 'LC150FMGFJ216149', '2012', NULL, 3, 'belum terjual'),
(353, 'BLUE BLACK', 353, 'MK4XCGA09CJ001397', 'LC150FMGFD281146', '2012', NULL, 3, 'belum terjual'),
(354, 'BLUE BLACK', 354, 'MK4XCGA099J001967', 'LC150FMGFD281411', '2009', NULL, 3, 'belum terjual'),
(355, 'BLUE BLACK', 355, 'MK4XCGA09CJ003021', '150FMGFC078432', '2012', NULL, 3, 'belum terjual'),
(356, 'BLACK', 356, 'MK4XCGA0M9J000723', 'LC150FMGFD414892', '2009', NULL, 3, 'belum terjual'),
(357, 'BLUE BLACK', 357, 'MK4XCGA09BJ000043', 'LC150FMGFD281255', '2011', NULL, 3, 'belum terjual'),
(358, 'RED BLACK', 358, 'MK4XCGA099J001891', 'LC150FMGFD281272', '2009', NULL, 3, 'belum terjual'),
(359, 'BLUE BLACK', 359, 'MK4XCGA09BJ000044', 'LC150FMGFJ216534', '2011', NULL, 3, 'belum terjual'),
(360, 'BLUE BLACK', 360, 'MK4XCGA09CJ001099', 'LC150FMGFD320874', '2012', NULL, 3, 'belum terjual'),
(361, 'BLUE BLACK', 361, 'MK4XCGA09CJ002675', 'LC150FMGFD281332', '2012', NULL, 3, 'belum terjual'),
(362, 'RED BLACK', 362, 'MK4XCGA09CJ003905', 'LC150FMGFD414963', '2012', NULL, 3, 'belum terjual'),
(363, 'RED BLACK', 363, 'MK4XCGA09CJ000512', 'LC150FMGFD414866', '2012', NULL, 3, 'belum terjual'),
(364, 'RED BLACK', 364, 'MK4XCGA098J003539', 'LC150FMGFD415123', '2008', NULL, 3, 'belum terjual'),
(365, 'BLUE BLACK', 365, 'MK4XCGA09CJ004944', 'LC150FMGFJ216450', '2012', NULL, 3, 'belum terjual'),
(366, 'RED BLACK', 366, 'MK4XCGA09CJ003492', 'LC150FMGFD414876', '2012', NULL, 3, 'belum terjual'),
(367, 'RED BLACK', 367, 'MK4XCGA09CJ001791', 'LC150FMGFD281295', '2012', NULL, 3, 'belum terjual'),
(368, 'RED BLACK', 368, 'MK4XCGA09CJ005717', 'LC150FMGFJ216126', '2012', NULL, 3, 'belum terjual'),
(369, 'RED BLACK', 369, 'MK4XCGA099J001945', '150FMGFC065351', '2009', NULL, 3, 'belum terjual'),
(370, 'RED BLACK', 371, 'MK4XCK2598J001230', 'LC152FMI1FC067531', '2008', '', 3, 'belum terjual'),
(371, 'BLUE BLACK', 372, 'MK4XCGA09CJ002705', 'LC150FMGFJ216387', '2012', NULL, 3, 'belum terjual'),
(372, 'RED BLACK', 374, 'MK4XCGA098J003894', 'LC150FMGFD414978', '2008', NULL, 3, 'belum terjual'),
(373, 'BLUE BLACK', 376, 'MK4XCGA09CJ004927', 'LC150FMGFJ216475', '2012', '', 3, 'belum terjual'),
(374, 'BLUE BLACK', 377, 'MK4XCK259BJ000037', 'I12559064', '2011', NULL, 3, 'belum terjual'),
(375, 'BLUE BLACK', 378, 'MK4XCGA098J004928', 'LC150FMGFJ216498', '2008', '', 3, 'belum terjual'),
(376, 'BLUE BLACK', 379, 'MK4XCGA099J002339', 'LC150FMGFJ216654', '2009', NULL, 3, 'belum terjual'),
(377, 'BLUE BLACK', 380, 'MK4XCK2597J004181', 'LC152FMI1FC069560', '2007', NULL, 3, 'belum terjual'),
(378, 'RED BLACK', 381, 'MK4XCGA09CJ001353', '150FMGFC078322', '2012', NULL, 3, 'belum terjual'),
(379, 'RED BLACK', 382, 'MK4XCGA09CJ001500', 'LC150FMGFD415124', '2012', NULL, 3, 'belum terjual'),
(380, 'RED BLACK', 383, 'MK4XCK259BJ000038', 'I12559176', '2011', NULL, 3, 'belum terjual'),
(411, 'BLUE BLACK', 384, 'MK4XCGA09CJ001719', '150FMGFC078066', '2012', NULL, 3, 'belum terjual'),
(412, 'RED BLACK', 385, 'MK4XCGA098J006063', 'LC150FMGFJ216613', '2008', NULL, 3, 'belum terjual'),
(413, 'BLUE BLACK', 386, 'MK4XCGA09CJ001036', 'LC150FMGFJ216325', '2012', NULL, 3, 'belum terjual'),
(414, 'BLUE BLACK', 387, 'MK4XCK2599J000532', 'I12560051', '2009', NULL, 3, 'belum terjual'),
(415, 'BLUE BLACK', 388, 'MK4XCK2598J002022', 'LC152FMIXC240582', '2008', NULL, 3, 'belum terjual'),
(416, 'RED BLACK', 389, 'MK4XCGA099J001942', '150FMGFC065278', '2009', NULL, 3, 'belum terjual'),
(417, 'BLUE BLACK', 390, 'MK4XCGA099J001944', '150FMGFC078224', '2009', NULL, 3, 'belum terjual'),
(418, 'RED BLACK', 391, 'MK4XCGA09CJ001757', '150FMGFC078261', '2012', NULL, 3, 'belum terjual'),
(419, 'BLUE BLACK', 392, 'MK4XCGA09CJ003755', 'LC150FMGFJ216451', '2012', NULL, 3, 'belum terjual'),
(420, 'RED BLACK', 393, 'MK4XCGA09AJ000142', 'LC150FMGFJ210192', '2010', NULL, 3, 'belum terjual'),
(421, 'RED BLACK', 394, 'MK4XCGA09CJ002817', 'LC150FMGFD416007', '2012', NULL, 3, 'belum terjual'),
(422, 'RED BLACK', 395, 'MK4XCGA098J003900', 'LC150FMGFD414942', '2008', NULL, 3, 'belum terjual'),
(423, 'RED BLACK', 396, 'MK4XCK259BJ000035', 'I12559172', '2011', NULL, 3, 'belum terjual'),
(424, 'BLUE BLACK', 397, 'MK4XCGA09CJ001043', '150FMGFC065417', '2012', NULL, 3, 'belum terjual'),
(425, 'BLUE BLACK', 398, 'MK4XCGA09CJ005609', 'LC150FMGFJ216520', '2012', NULL, 3, 'belum terjual'),
(426, 'BLUE BLACK', 399, 'MK4XCGA09CJ004307', 'LC150FMGFJ216134', '2012', NULL, 3, 'belum terjual'),
(427, 'RED BLACK', 400, 'MK4XCGA09CJ000510', 'LC150FMGFD415040', '2012', NULL, 3, 'belum terjual'),
(428, 'BLUE BLACK', 401, 'MK4XCGA09CJ005616', 'LC150FMGFJ216262', '2012', NULL, 3, 'belum terjual'),
(429, 'RED BLACK', 403, 'MK4XCGA09CJ005664', 'LC150FMGFJ216631', '2012', NULL, 3, 'belum terjual'),
(430, 'BLACK', 404, 'MK4XCGA09CJ000799', 'LC150FMGFD414930', '2012', NULL, 3, 'belum terjual'),
(431, 'BLUE BLACK', 405, 'MK4XCGA09CJ005272', 'LC150FMGFJ216147', '2012', NULL, 3, 'belum terjual'),
(432, 'RED BLACK', 406, 'MK4XCGA09CJ006073', '150FMGFC078077', '2012', NULL, 3, 'belum terjual'),
(433, 'BLACK', 407, 'MK4XCGA09CJ004919', 'LC150FMGFJ216360', '2012', NULL, 3, 'belum terjual'),
(434, 'BLUE BLACK', 408, 'MK4XCGA09CJ003577', 'LC150FMGFD414836', '2012', NULL, 3, 'belum terjual'),
(435, 'BLUE BLACK', 409, 'MK4XCGA09CJ003845', '150FMGFC065275', '2012', NULL, 3, 'belum terjual'),
(436, 'BLACK', 410, 'MK4XCGA09CJ001585', 'LC150FMGFJ216292', '2012', NULL, 3, 'belum terjual'),
(437, 'RED BLACK', 411, 'MK4XCGA099J001936', 'LC150FMGFD281491', '2009', NULL, 3, 'belum terjual'),
(438, 'RED BLACK', 412, 'MK4XCGA09CJ006110', '150FMGFC078058', '2012', NULL, 3, 'belum terjual'),
(439, 'RED BLACK', 413, 'MK4XCGA0M8J000719', 'LC150FMGFJ216362', '2008', NULL, 3, 'belum terjual'),
(440, 'BLUE BLACK', 414, 'MK4XCGA09CJ004948', 'LC150FMGFJ216479', '2012', '', 3, 'belum terjual'),
(441, 'RED BLACK', 415, 'MK4XCGA097J005573', '150FMGFC078405', '2007', '', 3, 'belum terjual'),
(442, 'BLACK', 416, 'MK4XCKSO08J000017', 'LC152FMI1FC050888', '2008', NULL, 3, 'belum terjual'),
(443, 'BLUE BLACK', 417, 'MK4XCGA09CJ000515', 'LC150FMGFD415139', '2012', NULL, 3, 'belum terjual'),
(444, 'BLUE BLACK', 418, 'MK4XCGA09CJ001000', 'LC150FMGFD320855', '2012', NULL, 3, 'belum terjual'),
(445, 'RED BLACK', 419, 'MK4XCGA098J006057', 'LC150FMGFJ216480', '2008', '', 3, 'belum terjual'),
(446, 'BLUE BLACK', 420, 'MK4XCGA09CJ000881', 'LC150FMGFD320700', '2012', NULL, 3, 'belum terjual'),
(447, 'RED BLACK', 421, 'MK4XCGA097J005587', 'FC078277', '', '', 3, 'belum terjual'),
(448, 'BLUE BLACK', 422, 'MK4XCK2597J004160', 'LC152FMI1FC069747', '2007', NULL, 3, 'belum terjual'),
(449, 'RED BLACK', 423, 'MK4XCGA09CJ006043', 'LC150FMGFJ216570', '2012', NULL, 3, 'belum terjual'),
(450, 'RED BLACK', 424, 'MK4XCGA09CJ005610', 'LC150FMGFD414981', '2012', NULL, 3, 'belum terjual'),
(451, 'RED BLACK', 425, 'MK4XCGA09CJ001675', '150FMGFC078299', '2012', NULL, 3, 'belum terjual'),
(452, 'BLUE BLACK', 426, 'MK4XCGA09CJ001039', 'LC150FMGFD320810', '2012', NULL, 3, 'belum terjual'),
(453, 'RED BLACK', 427, 'MK4XCGA09CJ005985', 'LC150FMGFJ216556', '2012', NULL, 3, 'belum terjual'),
(454, 'RED BLACK', 428, 'MK4XCGA09CJ006064', 'LC150FMGFJ216458', '2012', NULL, 3, 'belum terjual'),
(455, 'RED BLACK', 429, 'MK4XCGA09CJ001220', '150FMGFC065352', '2012', NULL, 3, 'belum terjual'),
(456, 'BLUE BLACK', 430, 'MK4XCGA098J004943', 'LC150FMGFJ216399', '2008', NULL, 3, 'belum terjual'),
(457, 'BLUE BLACK', 431, 'MK4XCGA09CJ002601', 'LC150FMGFJ216553', '2012', NULL, 3, 'belum terjual'),
(458, 'BLUE BLACK', 432, 'MK4XCGA099J001674', 'LC150FMGFD414980', '2009', NULL, 3, 'belum terjual'),
(459, 'BLUE BLACK', 433, 'MK4XCGA09CJ003383', 'LC150FMGFD414787', '2012', NULL, 3, 'belum terjual'),
(460, 'RED BLACK', 434, 'MK4XCGA09CJ001398', 'LC150FMGFD281333', '2012', NULL, 3, 'belum terjual'),
(461, 'BLACK', 435, 'MK4XCGA09CJ001419', 'LC150FMGFJ216341', '2012', NULL, 3, 'belum terjual'),
(462, 'BLUE BLACK', 436, 'MK4XCGA098J001027', 'LC150FMGFD320704', '2008', NULL, 3, 'belum terjual'),
(463, 'BLUE BLACK', 437, 'MK4XCGA09CJ001478', '150FMGFC065240', '2012', NULL, 3, 'belum terjual'),
(464, 'BLUE BLACK', 438, 'MK4XCGA098J001062', 'LC150FMGFD320661', '2008', NULL, 3, 'belum terjual'),
(465, 'RED BLACK', 439, 'MK4XCGA09CJ005634', 'LC150FMGFJ216418', '2012', '', 3, 'belum terjual'),
(466, '-', 442, 'MK4XCGA0LAJ006060', '150FMGFC006513', '-', NULL, 3, 'belum terjual'),
(467, '-', 443, 'MK4XCKSOM7J001302', 'FC069786', '-', NULL, 3, 'belum terjual'),
(468, 'BLUE BLACK', 444, 'MK4XCK2599J000715', 'LC152FMI1FC050824', '2009', NULL, 3, 'belum terjual'),
(469, 'BLUE BLACK', 446, 'MK4XCGA09CJ004904', 'LC150FMGFJ216456', '2012', NULL, 3, 'belum terjual'),
(470, 'SILVER BLACK', 448, 'MK4XCK2598J000594', 'LC152FMIXC240643', '2008', NULL, 3, 'belum terjual'),
(471, 'RED BLACK', 449, 'MK4XCGA09CJ005722', 'LC150FMGFJ216385', '2012', NULL, 3, 'belum terjual'),
(472, 'RED BLACK', 450, 'MK4XCGA09CJ000567', 'LC150FMGFD414798', '2012', '', 3, 'belum terjual'),
(473, 'RED BLACK', 451, 'MK4XCGA09CJ006012', 'LC150FMGFJ216154', '2012', NULL, 3, 'belum terjual'),
(474, 'RED BLACK', 452, 'MK4XCGA09CJ006058', '150FMGFC078351', '2012', NULL, 3, 'belum terjual'),
(475, 'BLUE BLACK', 453, 'MK4XCGA09CJ005252', 'LC150FMGFJ216528', '2012', NULL, 3, 'belum terjual'),
(476, 'RED BLACK', 454, 'MK4XCGA0LAJ000044', '150FMGFC065269', '2010', NULL, 3, 'belum terjual'),
(477, 'SILVER BLACK', 455, 'MK4XCKSOM7J000386', 'LC152FMIXC240794', '2007', NULL, 3, 'belum terjual'),
(478, 'BLUE BLACK', 456, 'MK4XCGA098J002114', '150FMGFC078292', '2008', '', 3, 'belum terjual'),
(479, 'RED BLACK', 457, 'MK4XCGA098J000554', '150FMGFC065104', '2008', NULL, 3, 'belum terjual'),
(480, 'BLUE BLACK', 458, 'MK4XCGA098J003388', 'LC150FMGFD414910', '2008', NULL, 3, 'belum terjual'),
(481, 'RED BLACK', 459, 'MK4XCK2598J000455', 'I12560285', '2008', NULL, 3, 'belum terjual'),
(482, 'BLUE BLACK', 460, 'MK4XCGA098J005695', 'LC150FMGFJ216663', '2008', NULL, 3, 'belum terjual'),
(483, 'BLUE BLACK', 461, 'MK4XCKSOLAJ00001', 'I12559121', '2010', NULL, 3, 'belum terjual'),
(484, 'RED BLACK', 462, 'MK4XCGA098J001359', 'LC150FMGFD281383', '2008', '', 3, 'belum terjual'),
(485, 'RED BLACK', 463, 'MK4XCGA098J004875', 'LC150FMGFJ216339', '2008', NULL, 3, 'belum terjual'),
(486, 'BLUE BLACK', 464, 'MK4XCGA099J002275', 'LC150FMGFD281466', '2009', NULL, 3, 'belum terjual'),
(487, 'BLUE BLACK', 466, 'MK4XCGA09CJ005704', 'LC150FMGFJ216369', '2012', NULL, 3, 'belum terjual'),
(488, 'BLACK', 467, 'MK4XCGA09CJ004622', 'LC150FMGFJ216454', '2012', NULL, 3, 'belum terjual'),
(489, 'RED BLACK', 468, 'MK4XCGA09CJ001492', '150FMGFC078440', '2012', NULL, 3, 'belum terjual'),
(490, 'BLUE BLACK', 469, 'MK4XCGA09CJ005637', 'LC150FMGFJ216519', '2012', NULL, 3, 'belum terjual'),
(491, 'BLACK', 470, 'MK4XCGA09CJ002877', 'LC150FMGFJ216595', '2012', NULL, 3, 'belum terjual'),
(492, 'RED BLACK', 471, 'MK4XCK2599J001389', 'LC152FMIXC240679', '2009', NULL, 3, 'belum terjual'),
(493, 'RED BLACK', 473, 'MK4XCGA09CJ002695', 'LC150FMGFJ216463', '2012', NULL, 3, 'belum terjual'),
(494, 'BLUE BLACK', 474, 'MK4XCGA09CJ002731', '150FMGFC078073', '2012', '', 3, 'belum terjual'),
(495, 'BLUE BLACK', 475, 'MK4XCGA09CJ001272', '150FMGFC065418', '2012', NULL, 3, 'belum terjual'),
(496, 'BLACK', 476, 'MK4XCGA09CJ004598', 'LC150FMGFJ216444', '2012', NULL, 3, 'belum terjual'),
(497, 'BLUE BLACK', 477, 'MK4XCGA098J004006', '150FMGFC078089', '2008', NULL, 3, 'belum terjual'),
(498, 'BLACK', 479, 'MK4XCGA09CJ004169', 'LC150FMGFJ216383', '2012', NULL, 3, 'belum terjual'),
(499, 'BLUE BLACK', 480, 'MK4XCGA09CJ005314', 'LC150FMGFJ216319', '2012', NULL, 3, 'belum terjual'),
(500, 'BLUE BLACK', 481, 'MK4XCGA098J001916', 'LC150FMGFD323854', '2012', NULL, 3, 'belum terjual'),
(501, 'BLUE BLACK', 482, 'MK4XCGA09CJ002120', 'LC150FMGFJ216220', '2012', NULL, 3, 'belum terjual'),
(502, 'BLUE BLACK', 483, 'MK4XCGA09CJ003196', 'LC150FMGFD281448', '2012', NULL, 3, 'belum terjual'),
(503, 'RED BLACK', 485, 'MK4XCGA09CJ001375', 'LC150FMGFD320834', '2012', NULL, 3, 'belum terjual'),
(504, 'RED BLACK', 486, 'MK4XCGA09CJ003516', 'LC150FMGFD414850', '2012', NULL, 3, 'belum terjual'),
(505, 'RED BLACK', 487, 'MK4XCGA09CJ003721', 'LC150FMGFD415021', '2012', '', 3, 'belum terjual'),
(506, 'BLUE BLACK', 488, 'MK4XCGA09CJ000963', 'LC150FMGFD320721', '2012', NULL, 3, 'belum terjual'),
(507, 'RED BLACK', 489, 'MK4XCGA09CJ002723', 'LC150FMGFD414859', '2012', NULL, 3, 'belum terjual'),
(508, 'BLUE BLACK', 490, 'MK4XCGA09CJ002978', 'LC150FMGFJ216253', '2012', NULL, 3, 'belum terjual'),
(509, 'BLUE BLACK', 491, 'MK4XCGA09CJ009714', '150FMGFC065343', '2012', NULL, 3, 'belum terjual'),
(510, 'BLUE BLACK', 492, 'MK4XCGA09CJ001745', 'LC150FMGFD281413', '2012', NULL, 3, 'belum terjual'),
(511, 'BLUE BLACK', 493, 'MK4XCGA09CJ004224', '150FMGFC078447', '2012', NULL, 3, 'belum terjual'),
(512, 'BLUE BLACK', 495, 'MK4XCGA099J002474', '150FMGFC065365', '2009', NULL, 3, 'belum terjual'),
(513, 'RED BLACK', 496, 'MK4XCGA099J002466', 'LC150FMGFD414862', '2009', NULL, 3, 'belum terjual'),
(514, 'RED BLACK', 497, 'MK4XCGA09CJ002481', '150FMGFC078360', '2012', NULL, 3, 'belum terjual'),
(515, 'BLUE BLACK', 498, 'MK4XCGA09CJ002037', 'LC150FMGFD320847', '2012', NULL, 3, 'belum terjual'),
(516, 'BLUE BLACK', 499, 'MK4XCGA09CJ001110', 'LC150FMGFD415089', '2012', NULL, 3, 'belum terjual'),
(517, 'BLUE BLACK', 500, 'MK4XCGA09CJ001011', 'LC150FMGFD320818', '2012', NULL, 3, 'belum terjual'),
(518, 'RED BLACK', 501, 'MK4XCGA098J003551', 'LC150FMGFD415097', '2008', NULL, 3, 'belum terjual'),
(519, 'BLUE BLACK', 502, 'MK4XCGA099J001752', 'LC150FMGFD320910', '2009', NULL, 3, 'belum terjual'),
(520, 'RED BLACK', 503, 'MK4XCGA0L9J000097', 'LC150FMGFD281492', '2009', NULL, 3, 'belum terjual'),
(521, 'RED BLACK', 504, 'MK4XCGA09CJ004194', 'LC150FMGFJ216393', '2012', NULL, 3, 'belum terjual'),
(522, 'RED BLACK', 506, 'MK4XCGA09CJ006000', 'LC150FMGFJ216412', '2012', NULL, 3, 'belum terjual'),
(523, 'BLUE BLACK', 507, 'MK4XCGA09CJ001405', 'LC150FMGFD281367', '2012', NULL, 3, 'belum terjual'),
(524, 'BLUE BLACK', 508, 'MK4XCGA09CJ002165', 'LC150FMGFD415179', '2012', NULL, 3, 'belum terjual'),
(525, 'BLUE BLACK', 509, 'MK4XCGA0M8J000987', 'LC150FMGFD281129', '2008', NULL, 3, 'belum terjual'),
(526, 'BLUE BLACK', 510, 'MK4XCGA09CJ002167', 'LC150FMGFD414912', '2012', NULL, 3, 'belum terjual'),
(527, 'RED BLACK', 511, 'MK4XCGA09CJ003886', 'LC150FMGFD415153', '2012', NULL, 3, 'belum terjual'),
(528, 'RED BLACK', 512, 'MK4XCGA098J004862', 'LC150FMGFJ216306', '2008', NULL, 3, 'belum terjual'),
(529, 'BLACK', 513, 'MK4XCGA09CJ004641', 'LC150FMGFJ216300', '2012', NULL, 3, 'belum terjual'),
(530, 'BLUE BLACK', 514, 'MK4XCGA09CJ002162', 'LC150FMGFD320681', '2012', NULL, 3, 'belum terjual'),
(531, 'BLUE BLACK', 515, 'MK4XCGA0MAJ000034', '150FMGFC065184', '2010', NULL, 3, 'belum terjual'),
(532, 'BLUE BLACK', 516, 'MK4XCGA09CJ003024', '150FMGFC078068', '2012', NULL, 3, 'belum terjual'),
(533, 'RED BLACK', 517, 'MK4XCK2598J000703', 'I12560271', '2008', NULL, 3, 'belum terjual'),
(534, 'BLUE BLACK', 518, 'MK4XCGA099J001985', '150FMGFC078361', '2009', NULL, 3, 'belum terjual'),
(535, 'BLUE BLACK', 519, 'MK4XCGA09BJ000354', 'LC150FMGFJ216655', '2011', NULL, 3, 'belum terjual'),
(536, 'RED BLACK', 520, 'MK4XCGA099J002461', 'LC150FMGFD281455', '2009', NULL, 3, 'belum terjual'),
(537, 'RED BLACK', 521, 'MK4XCGA097J007100', 'LC150FMGFD201401', '2007', NULL, 3, 'belum terjual'),
(538, 'BLUE BLACK', 522, 'MK4XCGA099J002207', 'LC150FMGFD281360', '2009', NULL, 3, 'belum terjual'),
(539, 'RED BLACK', 523, 'MK4XCGA09CJ002730', '150FMGFC078309', '2012', NULL, 3, 'belum terjual'),
(540, 'BLUE BLACK', 524, 'MK4XCGA09CJ002209', 'LC150FMGFD320819', '2012', NULL, 3, 'belum terjual'),
(541, 'BLUE BLACK', 525, 'MK4XCGA099J002447', '150FMGFC065451', '2009', NULL, 3, 'belum terjual'),
(542, 'RED BLACK', 526, 'MK4XCGA098J001813', 'LC150FMGFD281300', '2008', NULL, 3, 'belum terjual'),
(543, 'BLUE BLACK', 527, 'MK4XCGA09CJ004925', 'LC150FMGFJ216384', '2012', NULL, 3, 'belum terjual'),
(544, 'BLUE BLACK', 528, 'MK4XCGA09CJ000572', 'LC150FMGFJ216316', '2012', NULL, 3, 'belum terjual'),
(545, 'BLUE BLACK', 529, 'MK4XCGA09CJ001072', 'LC150FMGFD320794', '2012', NULL, 3, 'belum terjual');
INSERT INTO `motor` (`id`, `warna`, `no_totok`, `no_rangka`, `no_mesin`, `tahun`, `keterangan`, `id_jenis`, `status`) VALUES
(546, 'RED BLACK', 530, 'MK4XCGA09CJ000508', 'LC150FMGFJ216313', '2012', NULL, 3, 'belum terjual'),
(547, 'BLUE BLACK', 531, 'MK4XCGA09CJ004899', 'LC150FMGFJ216256', '2012', NULL, 3, 'belum terjual'),
(548, 'RED BLACK', 532, 'MK4XCK2598J002517', 'LC152FMIXC240580', '2008', NULL, 3, 'belum terjual'),
(549, 'BLUE BLACK', 533, 'MK4XCGA09CJ005322', 'LC150FMGFD216213', '2012', NULL, 3, 'belum terjual'),
(550, 'RED BLACK', 534, 'MK4XCGA09CJ002966', 'LC150FMGFD415056', '2012', NULL, 3, 'belum terjual'),
(551, 'RED BLACK', 535, 'MK4XCGA098J003508', 'LC150FMGFD415054', '2008', NULL, 3, 'belum terjual'),
(552, 'RED BLACK', 536, 'MK4XCK2598J001264', 'LC152FMI1FC050751', '2008', NULL, 3, 'belum terjual'),
(553, 'RED BLACK', 537, 'MK4XCK2598J000468', 'LC152FMIXC240831', '2008', NULL, 3, 'belum terjual'),
(554, 'RED BLACK', 538, 'MK4XCGA09CJ001211', 'LC150FMGFD415080', '2012', NULL, 3, 'belum terjual'),
(555, 'BLUE BLACK', 539, 'MK4XCGA09CJ004656', 'LC150FMGFJ216178', '2011', NULL, 3, 'belum terjual'),
(556, 'RED BLACK', 540, 'MK4XCK259BJ000041', 'I12558944', '2011', NULL, 3, 'belum terjual'),
(557, 'BLUE BLACK', 541, 'MK4XCGA098J005251', 'LC150FMGFJ216639', '2008', NULL, 3, 'belum terjual'),
(558, 'BLUE BLACK', 542, 'MK4XCK2598J001236', 'I12560112', '2008', NULL, 3, 'belum terjual'),
(559, 'BLUE BLACK', 543, 'MK4XCK2597J003026', 'I12560052', '2007', NULL, 3, 'belum terjual'),
(560, 'BLUE BLACK', 544, 'MK4XCGA098J002330', 'LC150FMGFD281189', '2008', NULL, 3, 'belum terjual'),
(561, 'BLUE BLACK', 545, 'MK4XCGA097J007442', 'LC150FMGFD281485', '2007', NULL, 3, 'belum terjual'),
(562, 'BLUE BLACK', 546, 'MK4XCGA09CJ001017', 'LC150FMGFD320869', '2012', NULL, 3, 'belum terjual'),
(563, 'RED BLACK', 547, 'MK4XCK2598J001263', 'LC152FMI1FC050930', '2008', NULL, 3, 'belum terjual'),
(564, 'BLUE BLACK', 548, 'MK4XCGA09CJ001407', 'LC150FMGFD320849', '2012', NULL, 3, 'belum terjual'),
(565, 'RED BLACK', 549, 'MK4XCGA09CJ004710', 'LC150FMGFD281222', '2012', NULL, 3, 'belum terjual'),
(566, 'BLUE BLACK', 550, 'MK4XCGA09CJ005751', '150FMGFC078399', '2012', NULL, 3, 'belum terjual'),
(567, 'BLUE BLACK', 551, 'MK4XCGA09CJ005571', '150FMGFC078228', '2012', NULL, 3, 'belum terjual'),
(568, 'RED BLACK', 552, 'MK4XCGA09CJ001701', 'LC150FMGFD281111', '2012', NULL, 3, 'belum terjual'),
(569, 'BLUE BLACK', 553, 'MK4XCGA098J001550', 'LC150FMGFD281423', '2008', NULL, 3, 'belum terjual'),
(570, 'BLUE BLACK', 554, 'MK4XCK2598J001262', 'LC152FMI1FC050893', '2008', NULL, 3, 'belum terjual'),
(571, 'RED BLACK', 555, 'MK4XCGA09CJ003499', 'LC150FMGFD414865', '2012', NULL, 3, 'belum terjual'),
(572, 'BLUE BLACK', 556, 'MK4XCKS0M8J000021', 'I12559578', '2008', NULL, 3, 'belum terjual'),
(573, 'BLUE BLACK', 557, 'MK4XCGA09CJ000519', '150FMGFC065453', '2012', NULL, 3, 'belum terjual'),
(574, 'BLUE BLACK', 558, 'MK4XCGA09CJ003541', '150FMGFC065247', '2012', NULL, 3, 'belum terjual'),
(575, 'BLUE BLACK', 559, 'MK4XCGA098J001282', '150FMGFC065124', '2008', NULL, 3, 'belum terjual'),
(576, 'RED BLACK', 560, 'MK4XCGA098J001451', 'LC150FMGFD281373', '2008', NULL, 3, 'belum terjual'),
(577, 'RED BLACK', 561, 'MK4XCK2599J000547', 'LC152FMI1FC069675', '2009', NULL, 3, 'belum terjual'),
(578, 'BLUE BLACK', 562, 'MK4XCK2598J000621', 'I12559046', '2008', NULL, 3, 'belum terjual'),
(579, 'RED BLACK', 563, 'MK4XCGA09CJ003491', 'LC150FMGFD414846', '2012', NULL, 3, 'belum terjual'),
(580, 'BLUE BLACK', 564, 'MK4XCGA098J001307', '150FMGFC065614', '2009', NULL, 3, 'belum terjual'),
(581, 'SILVER BLACK', 565, 'MK4XCK2599J000816', 'LC152FMIXC240880', '2009', NULL, 3, 'belum terjual'),
(582, 'SILVER BLACK', 566, 'MK4XCKS0M8J000019', 'LC152FMIXC240668', '2008', NULL, 3, 'belum terjual'),
(583, 'BLUE BLACK', 567, 'MK4XCK2599J001101', 'LC152FMIXC240889', '2009', NULL, 3, 'belum terjual'),
(584, 'RED BLACK', 568, 'MK4XCGA09CJ000723', 'LC150FMGFJ216571', '2012', NULL, 3, 'belum terjual'),
(585, 'RED BLACK', 569, 'MK4XCGA09CJ007278', '150FMGFC078373', '2012', NULL, 3, 'belum terjual'),
(586, 'RED BLACK', 570, 'MK4XCK2598J000456', 'LC152FMIXC240572', '2008', NULL, 3, 'belum terjual'),
(587, 'BLUE BLACK', 571, 'MK4XCK2598J000655', 'LC152FMI1FC069729', '2008', NULL, 3, 'belum terjual'),
(588, 'RED BLACK', 572, 'MK4XCGA09CJ000728', 'LC150FMGFJ216335', '2012', NULL, 3, 'belum terjual'),
(589, 'RED BLACK', 573, 'MK4XCKS0M7J001274', 'FC069519', '2007', NULL, 3, 'belum terjual'),
(590, 'BLUE BLACK', 574, 'MK4XCGA098J005324', 'LC150FMGFJ216432', '2008', NULL, 3, 'belum terjual'),
(591, 'BLACK', 575, 'MK4XCK2598J002518', 'LC152FMIXC240777', '2008', NULL, 3, 'belum terjual'),
(592, 'BLUE BLACK', 576, 'MK4XCGA09CJ002204', 'LC150FMGFD320830', '2012', NULL, 3, 'belum terjual'),
(593, 'BLUE BLACK', 577, 'MK4XCGA09CJ007259', '150FMGFC078412', '2012', NULL, 3, 'belum terjual'),
(594, 'BLUE BLACK', 578, 'MK4XCGA098J005286', 'LC150FMGFJ216622', '2008', NULL, 3, 'belum terjual'),
(595, 'BLUE BLACK', 579, 'MK4XCGA098J003293', 'LC150FMGFD414921', '2008', NULL, 3, 'belum terjual'),
(596, 'BLUE BLACK', 580, 'MK4XCGA099J001986', 'LC150FMGFD415116', '2009', NULL, 3, 'belum terjual'),
(597, 'BLUE BLACK', 581, 'MK4XCGA09CJ005274', 'LC150FMGFJ216337', '2012', NULL, 3, 'belum terjual'),
(598, 'BLUE BLACK', 582, 'MK4XCGA09CJ005625', 'LC150FMGFJ216266', '2012', NULL, 3, 'belum terjual'),
(599, 'RED BLACK', 583, 'MK4XCK2599J009914', 'LC152FMI1FC090555', '2008', NULL, 3, 'belum terjual'),
(600, 'BLUE BLACK', 584, 'MK4XCGA09CJ001081', 'LC150FMGFD320906', '2012', NULL, 3, 'belum terjual'),
(601, 'RED BLACK', 585, 'MK4XCGA09CJ002727', '150FMGFC078358', '2012', NULL, 3, 'belum terjual'),
(602, 'RED BLACK', 586, 'MK4XCK2598J002199', 'LC152FMI1FC069692', '2008', NULL, 3, 'belum terjual'),
(603, 'RED BLACK', 587, 'MK4XCGA098J003739', 'LC150FMGFD414791', '2008', NULL, 3, 'belum terjual'),
(604, 'BLUE BLACK', 588, 'MK4XCK2598J001249', 'LC152FMI1FC050654', '2008', NULL, 3, 'belum terjual'),
(605, 'RED BLACK', 589, 'MK4XCGA09CJ003753', 'LC150FMGFD415099', '2012', NULL, 3, 'belum terjual'),
(606, 'BLUE BLACK', 590, 'MK4XCGA09CJ002336', 'LC150FMGFD281262', '2012', NULL, 3, 'belum terjual'),
(607, 'RED BLACK', 591, 'MK4XCGA0M8J000729', 'LC150FMGFJ216415', '2008', NULL, 3, 'belum terjual'),
(608, 'BLUE BLACK', 592, 'MK4XCGA09CJ002202', 'LC150FMGFD414999', '2012', NULL, 3, 'belum terjual'),
(609, 'RED BLACK', 593, 'MK4XCKS0M7J001267', 'LC152FMI1FC069700', '2007', NULL, 3, 'belum terjual'),
(610, 'RED BLACK', 594, 'MK4XCGA098J003708', 'LC150FMGFD415045', '2008', NULL, 3, 'belum terjual'),
(611, 'RED BLACK', 595, 'MK4XCGA098J005677', 'LC150FMGFJ216429', '2008', NULL, 3, 'belum terjual'),
(612, 'BLUE BLACK', 596, 'MK4XCGA098J001078', 'LC150FMGFD320725', '2008', NULL, 3, 'belum terjual'),
(613, 'RED BLACK', 597, 'MK4XCGA0M8J001210', 'LC150FMGFD414995', '2008', NULL, 3, 'belum terjual'),
(614, 'RED BLACK', 598, 'MK4XCK2598J001261', 'LC152FMI1FC050641', '2008', NULL, 3, 'belum terjual'),
(615, 'BLACK', 599, 'MK4XCKS0M7J001209', 'LC152FMI1FC050604', '2007', NULL, 3, 'belum terjual'),
(616, 'RED BLACK', 600, 'MK4XCGA0M8J000734', 'LC150FMGFJ216479', '2008', NULL, 3, 'belum terjual'),
(617, 'BLUE BLACK', 601, 'MK4XCGA09CJ005318', 'LC150FMGFJ216275', '2012', NULL, 3, 'belum terjual'),
(618, 'RED BLACK', 602, 'MK4XCGA09CJ003530', 'LC150FMGFD415127', '2012', NULL, 3, 'belum terjual'),
(619, 'RED BLACK', 603, 'MK4XCGA09CJ005749', 'LC150FMGFJ216662', '2012', NULL, 3, 'belum terjual'),
(620, 'BLACK', 370, 'MK4XCGA09CJ002673', 'LC150FMGFJ216433', '2012', 'dikirim Soegiarto', 3, 'belum terjual'),
(621, 'BLUE BLACK', 373, 'MK4XCGA09CJ001674', 'LC150FMGFD281457', '2012', 'dikirim Soegiarto', 3, 'belum terjual'),
(622, 'BLUE BLACK', 375, 'MK4XCGA09CJ000769', '150FMGFC065364', '2012', 'dikirim Soegiarto', 3, 'belum terjual'),
(623, 'BLUE BLACK', 402, 'MK4XCGA09CJ002735', '150FMGFC065071', '2012', 'dikirim Nganjuk', 3, 'belum terjual'),
(624, 'RED BLACK', 440, 'MK4XCGA09CJ000507', 'LC150FMGFD414835', '2012', 'dikirim Bpk Soegiarto (Tekad Motor)', 3, 'belum terjual'),
(625, 'RED BLACK', 441, 'MK4XCGA09CJ000514', 'LC150FMGFD414830', '2012', 'dikirim Bpk Soegiarto (Tekad Motor)', 3, 'belum terjual'),
(626, 'RED BLACK', 445, 'MK4XCGA098J006056', 'LC150FMGFJ216638', '2008', 'dikirim Bpk Soegiarto (Tekad Motor)', 3, 'belum terjual'),
(627, 'BLUE BLACK', 447, 'MK4XCGA09CJ001476', 'LC150FMGFJ216419', '2012', 'dikirim Bpk Soegiarto (Tekad Motor)', 3, 'belum terjual'),
(628, 'BLUE BLACK', 465, 'MK4XCGA09CJ001396', 'LC150FMGFD281102', '2012', 'dikirim Bpk Soegiarto (Tekad Motor)', 3, 'belum terjual'),
(629, 'RED BLACK', 472, 'MK4XCGA09CJ003709', 'LC150FMGFD414877', '2012', 'dikirim Bpk Soegiarto (Tekad Motor)', 3, 'belum terjual'),
(630, 'BLUE BLACK', 478, 'MK4XCGA09CJ001406', 'LC150FMGFD281338', '2012', 'dikirim Bpk Soegiarto (Tekad Motor)', 3, 'belum terjual'),
(631, 'RED BLACK', 484, 'MK4XCGA09CJ003866', 'LC150FMGFD414818', '2012', 'dikirim Bpk Soegiarto (Tekad Motor)', 3, 'belum terjual'),
(632, 'BLUE BLACK', 494, 'MK4XCGA09CJ001090', 'LC150FMGFD320772', '2012', 'dikirim Bpk Soegiarto (Tekad Motor)', 3, 'belum terjual'),
(633, 'BLUE BLACK', 505, 'MK4XCGA09CJ007472', 'LC150FMGFD281353', '2012', 'dikirim Bpk Soegiarto (Tekad Motor)', 3, 'belum terjual'),
(634, 'BLUE', 1, 'MK4XCNB29DJ000159', 'I20006403', '2013', NULL, 2, 'belum terjual'),
(635, 'BLACK', 2, 'MK4XCNB29CJ000643', 'I20005459', '2012', NULL, 2, 'belum terjual'),
(636, 'BLUE', 3, 'MK4XCNB29DJ002713', 'I20006410', '2013', NULL, 2, 'belum terjual'),
(637, 'RED', 4, 'MK4XCNB299J000112', 'I20006603', '2009', NULL, 2, 'belum terjual'),
(638, 'RED', 5, 'MK4XCNB29CJ002700', 'I20006453', '2012', NULL, 2, 'belum terjual'),
(639, 'RED', 6, 'MK4XCNB29CJ002066', 'I20005444', '2012', NULL, 2, 'belum terjual'),
(640, 'RED', 7, 'MK4XCNB29CJ000334', 'I20006401', '2012', NULL, 2, 'belum terjual'),
(641, 'BLUE', 8, 'MK4XCNB29DJ002719', 'I20006412', '2013', NULL, 2, 'belum terjual'),
(642, 'BLACK', 9, 'MK4XCNB29DJ000391', 'I20006617', '2013', NULL, 2, 'belum terjual'),
(643, 'BLUE', 10, 'MK4XCNB29CJ000351', 'I20006623', '2012', NULL, 2, 'belum terjual'),
(644, 'RED', 11, 'MK4XCNB299J000737', 'I20004645', '2009', NULL, 2, 'belum terjual'),
(645, 'BLUE', 12, 'MK4XCNB29CJ002705', 'I20006416', '2012', NULL, 2, 'belum terjual'),
(646, 'RED', 13, 'MK4XCNB29CJ000385', 'I20002970', '2012', NULL, 2, 'belum terjual'),
(647, 'BLACK', 14, 'MK4XCNB29DJ000335', 'I20006536', '2013', NULL, 2, 'belum terjual'),
(648, 'RED', 15, 'MK4XCNB29CJ000346', 'I20006350', '2012', NULL, 2, 'belum terjual'),
(649, 'RED', 16, 'MK4XCNB29DJ002712', 'I20006464', '2013', NULL, 2, 'belum terjual'),
(650, 'RED', 17, 'MK4XCNB29AJ000150', 'I20006353', '2010', NULL, 2, 'belum terjual'),
(651, 'BLACK', 18, 'MK4XCNB29AJ000135', 'I20006394', '2010', NULL, 2, 'belum terjual'),
(652, 'RED', 19, 'MK4XCNB29DJ000641', 'I20006516', '2013', NULL, 2, 'belum terjual'),
(653, 'BLACK', 20, 'MK4XCNB29CJ000341', 'I20005494', '2012', NULL, 2, 'belum terjual'),
(654, 'RED', 21, 'MK4XCNB29CJ000355', 'I20006388', '2012', NULL, 2, 'belum terjual'),
(655, 'RED', 22, 'MK4XCNB29AJ000147', 'I20006381', '2010', NULL, 2, 'belum terjual'),
(656, 'BLACK', 23, 'MK4XCNB29AJ000152', 'I20006443', '2010', NULL, 2, 'belum terjual'),
(657, 'BLACK', 24, 'MK4XCNB29DJ000945', 'I20006476', '2013', NULL, 2, 'belum terjual'),
(658, 'RED', 25, 'MK4XCNB29CJ000228', 'I20006626', '2012', NULL, 2, 'belum terjual'),
(659, 'BLACK', 26, 'MK4XCNB29AJ000151', 'I20006444', '2010', NULL, 2, 'belum terjual'),
(660, 'BLACK', 27, 'MK4XCNB29DJ000094', 'I20006505', '2013', NULL, 2, 'belum terjual'),
(661, 'RED', 28, 'MK4XCNB29CJ000316', 'I20006599', '2012', NULL, 2, 'belum terjual'),
(662, 'RED', 29, 'MK4XCNB29DJ002716', 'I20006439', '2013', NULL, 2, 'belum terjual'),
(663, 'BLUE', 30, 'MK4XCNB29CJ001431', 'I20004694', '2012', NULL, 2, 'belum terjual'),
(664, 'RED', 31, 'MK4XCNB299J000114', 'I20006518', '2009', NULL, 2, 'belum terjual'),
(665, 'RED', 32, 'MK4XCNB29DJ000358', 'I20006472', '2013', NULL, 2, 'belum terjual'),
(666, 'RED', 33, 'MK4XCNB29DJ000363', 'I20006614', '2013', NULL, 2, 'belum terjual'),
(667, 'BLACK', 34, 'MK4XCNB29AJ000156', 'I20006457', '2010', NULL, 2, 'belum terjual'),
(668, 'BLUE', 35, 'MK4XCNB29CJ000305', 'I20006641', '2012', NULL, 2, 'belum terjual'),
(669, 'RED', 36, 'MK4XCNB29CJ002064', 'I20005511', '2012', NULL, 2, 'belum terjual'),
(670, 'BLUE', 37, 'MK4XCNB29CJ000340', 'I20006612', '2012', NULL, 2, 'belum terjual'),
(671, 'BLACK', 38, 'MK4XCNB29DJ002089', 'I20005447', '2013', NULL, 2, 'belum terjual'),
(672, 'RED', 39, 'MK4XCNB299J000907', 'I20003413', '2009', NULL, 2, 'belum terjual'),
(673, 'RED', 40, 'MK4XCNB29CJ000386', 'I20002963', '2012', NULL, 2, 'belum terjual'),
(674, 'BLUE', 47, 'MK4XCNB29CJ002781', 'I20006406', '2012', NULL, 2, 'belum terjual'),
(675, 'RED', 48, 'MK4XCNB29DJ000325', 'I20006659', '2013', NULL, 2, 'belum terjual'),
(676, 'RED', 49, 'MK4XCNB29CJ000344', 'I20006517', '2012', NULL, 2, 'belum terjual'),
(677, 'BLUE', 50, 'MK4XCNB29CJ000377', 'I20006661', '2012', NULL, 2, 'belum terjual'),
(678, 'BLACK', 51, 'MK4XCNB29DJ000331', 'I20006644', '2013', NULL, 2, 'belum terjual'),
(679, 'BLUE', 52, 'MK4XCNB29CJ001344', 'I20001881', '2012', NULL, 2, 'belum terjual'),
(680, 'BLACK', 53, 'MK4XCNB29DJ000151', 'I20006501', '2013', NULL, 2, 'belum terjual'),
(681, 'BLACK', 54, 'MK4XCNB298J002776', 'I20006344', '2008', NULL, 2, 'belum terjual'),
(682, 'BLUE', 55, 'MK4XCNB29CJ000345', 'I20006502', '2012', NULL, 2, 'belum terjual'),
(683, 'RED', 56, 'MK4XCNB29CJ000354', 'I20006414', '2012', NULL, 2, 'belum terjual'),
(684, 'BLUE', 57, 'MK4XCNB29CJ000378', 'I20006630', '2012', NULL, 2, 'belum terjual'),
(685, 'BLACK', 58, 'MK4XCNB29AJ000133', 'I20006431', '2010', NULL, 2, 'belum terjual'),
(686, 'BLUE', 59, 'MK4XCNB29DJ002703', 'I20006393', '2013', NULL, 2, 'belum terjual'),
(687, 'BLUE', 60, 'MK4XCNB29CJ001389', 'I20003430', '2012', NULL, 2, 'belum terjual'),
(688, 'RED', 61, 'MK4XCNB29DJ000174', 'I20006513', '2013', NULL, 2, 'belum terjual'),
(689, 'RED', 62, 'MK4XCNB29DJ000153', 'I20006419', '2013', NULL, 2, 'belum terjual'),
(690, 'BLACK', 63, 'MK4XCNB299J000165', 'I20006522', '2009', NULL, 2, 'belum terjual'),
(691, 'BLUE', 64, 'MK4XCNB298J002033', 'I20005551', '2008', NULL, 2, 'belum terjual'),
(692, 'RED', 65, 'MK4XCNB298J002726', 'I20006376', '2008', NULL, 2, 'belum terjual'),
(693, 'BLUE', 66, 'MK4XCNB299J000916', 'I20006489', '2009', NULL, 2, 'belum terjual'),
(694, 'BLACK', 67, 'MK4XCNB298J002092', 'I20005487', '2009', NULL, 2, 'belum terjual'),
(695, 'RED', 68, 'MK4XCNB299J000130', 'I20006506', '2009', NULL, 2, 'belum terjual'),
(696, 'RED', 69, 'MK4XCNB299J000086', 'I20006634', '2009', NULL, 2, 'belum terjual'),
(697, 'RED', 70, 'MK4XCNB299J000121', 'I20006600', '2009', NULL, 2, 'belum terjual'),
(698, 'BLUE', 71, 'MK4XCNB299J000358', 'I20006438', '2009', NULL, 2, 'belum terjual'),
(699, 'RED', 72, 'MK4XCNB299J000084', 'I20006503', '2009', NULL, 2, 'belum terjual'),
(700, 'BLUE', 73, 'MK4XCNB299J000087', 'I20006524', '2009', NULL, 2, 'belum terjual'),
(701, 'BLACK', 74, 'MK4XCNB299J000044', 'I20006624', '2009', NULL, 2, 'belum terjual'),
(702, 'RED', 75, 'MK4XCNB298J002753', 'I20006377', '2008', NULL, 2, 'belum terjual'),
(703, 'BLACK', 76, 'MK4XCNB299J000797', 'I20006359', '2009', NULL, 2, 'belum terjual'),
(704, 'RED', 77, 'MK4XCNB299J000042', 'I20006532', '2009', NULL, 2, 'belum terjual'),
(705, 'BLUE', 78, 'MK4XCNB299J000173', 'I20006616', '2009', NULL, 2, 'belum terjual'),
(706, 'BLUE', 79, 'MK4XCNB299J000098', 'I20006601', '2009', NULL, 2, 'belum terjual'),
(707, 'BLUE', 80, 'MK4XCNB298J002819', 'I20006368', '2008', NULL, 2, 'belum terjual'),
(708, 'RED', 41, 'MK4XCNB29DJ000327', 'I20006618', '2013', NULL, 2, 'belum terjual'),
(709, 'RED', 42, 'MK4XCNB299J000059', 'I20006567', '2009', NULL, 2, 'belum terjual'),
(710, 'BLUE', 43, 'MK4XCNB29DJ000766', 'I20004840', '2013', NULL, 2, 'belum terjual'),
(711, 'RED', 44, 'MK4XCNB29CJ007040', 'I20006351', '2012', NULL, 2, 'belum terjual'),
(712, 'RED', 45, 'MK4XCNB298J000176', 'I20001553', '2008', NULL, 2, 'belum terjual'),
(713, 'RED', 46, 'MK4XCNB29DJ000343', 'I20006531', '2013', NULL, 2, 'belum terjual'),
(714, 'BLUE', 81, 'MK4XCNB29CJ000078', 'I20006629', '2012', NULL, 2, 'belum terjual'),
(715, 'BLACK', 82, 'MK4XCNB29CJ000153', 'I20006540', '2012', NULL, 2, 'belum terjual'),
(716, 'RED', 83, 'MK4XCNB29CJ002699', 'I20006430', '2012', NULL, 2, 'belum terjual'),
(717, 'RED', 84, 'MK4XCNB29CJ002724', 'I20006473', '2012', NULL, 2, 'belum terjual'),
(718, 'BLACK', 85, 'MK4XCNB29CJ002090', 'I20005479', '2012', NULL, 2, 'belum terjual'),
(719, 'BLACK', 86, 'MK4XCNB29CJ002814', 'I20006479', '2012', NULL, 2, 'belum terjual'),
(720, 'BLACK', 87, 'MK4XCNB29CJ000143', 'I20006604', '2012', NULL, 2, 'belum terjual'),
(721, 'BLUE', 88, 'MK4XCNB29CJ000196', 'I20006647', '2012', NULL, 2, 'belum terjual'),
(722, 'BLUE', 89, 'MK4XCNB29CJ000327', 'I20006391', '2012', NULL, 2, 'belum terjual'),
(723, 'RED', 90, 'MK4XCNB29CJ000336', 'I20006463', '2012', NULL, 2, 'belum terjual'),
(724, 'BLACK', 91, 'MK4XCNB29CJ002007', 'I20005465', '2012', NULL, 2, 'belum terjual'),
(725, 'BLACK', 92, 'MK4XCNB29CJ000138', 'I20006534', '2012', NULL, 2, 'belum terjual'),
(726, 'BLACK', 93, 'MK4XCNB29CJ000156', 'I20006561', '2012', NULL, 2, 'belum terjual'),
(727, 'BLACK', 94, 'MK4XCNB29CJ000940', 'I20004097', '2012', NULL, 2, 'belum terjual'),
(728, 'RED', 95, 'MK4XCNB29CJ000713', 'I20005462', '2012', NULL, 2, 'belum terjual'),
(729, 'BLACK', 96, 'MK4XCNB29CJ002837', 'I20006498', '2012', NULL, 2, 'belum terjual'),
(730, 'BLACK', 97, 'MK4XCNB29CJ002115', 'I20005566', '2012', NULL, 2, 'belum terjual'),
(731, 'RED', 98, 'MK4XCNB29CJ002761', 'I20006471', '2012', NULL, 2, 'belum terjual'),
(732, 'BLACK', 99, 'MK4XCNB29CJ000242', 'I20005516', '2012', NULL, 2, 'belum terjual'),
(733, 'BLUE', 100, 'MK4XCNB29CJ001169', 'I20001579', '2012', NULL, 2, 'belum terjual'),
(734, 'RED', 101, 'MK4XCNB298J000362', 'I20002883', '2008', NULL, 2, 'belum terjual'),
(735, 'BLUE', 102, 'MK4XCNB29CJ002027', 'I20005451', '2012', NULL, 2, 'belum terjual'),
(736, 'BLUE', 103, 'MK4XCNB299J000287', 'I20002996', '2009', NULL, 2, 'belum terjual'),
(737, 'BLUE', 104, 'MK4XCNB29CJ002826', 'I20006378', '2012', NULL, 2, 'belum terjual'),
(738, 'BLUE', 105, 'MK4XCNB29CJ002115', 'I20004604', '2012', NULL, 2, 'belum terjual'),
(739, 'BLACK', 106, 'MK4XCNB298J002735', 'I20006413', '2008', NULL, 2, 'belum terjual'),
(740, 'RED', 107, 'MK4XCNB29CJ000009', 'I20001416', '2012', NULL, 2, 'belum terjual'),
(741, 'BLUE', 108, 'MK4XCNB298J001027', 'I20003136', '2007', NULL, 2, 'belum terjual'),
(742, 'BLUE', 109, 'MK4XCNB29CJ000791', 'I20004828', '2012', NULL, 2, 'belum terjual'),
(743, 'BLUE', 110, 'MK4XCNB298J000389', 'I20001726', '2008', NULL, 2, 'belum terjual'),
(744, 'BLUE', 111, 'MK4XCNSCM8J000021', 'I20001570', '2008', NULL, 2, 'belum terjual'),
(745, 'BLACK', 112, 'MK4XCNB298J002091', 'I20005584', '2008', NULL, 2, 'belum terjual'),
(746, 'BLACK', 113, 'MK4XCNB29CJ001339', 'I20006409', '2012', NULL, 2, 'belum terjual'),
(747, 'BLUE', 114, 'MK4XCNB298J000966', 'I20004120', '2008', NULL, 2, 'belum terjual'),
(748, 'RED', 115, 'MK4XCNSCM9J000016', 'I20006545', '2009', NULL, 2, 'belum terjual'),
(749, 'BLACK', 116, 'MK4XCNSCM8J000099', 'I20005493', '2008', NULL, 2, 'belum terjual'),
(750, 'BLUE', 117, 'MK4XCNB29AJ000286', 'I20003008', '2010', NULL, 2, 'belum terjual'),
(751, 'BLACK', 118, 'MK4XCNB29CJ000686', 'I20005543', '2009', NULL, 2, 'belum terjual'),
(752, 'BLACK', 119, 'MK4XCNSCM9J000030', 'I20006580', '2009', NULL, 2, 'belum terjual'),
(753, 'BLUE', 120, 'MK4XCNSCM9J000023', 'I20006559', '2009', NULL, 2, 'belum terjual'),
(754, 'RED', 121, 'MK4XCNSCM9J000017', 'I20006555', '2009', NULL, 2, 'belum terjual'),
(755, 'RED', 122, 'MK4XCNB299J000125', 'I20006625', '2009', NULL, 2, 'belum terjual'),
(756, 'BLACK', 123, 'MK4XCNSCM9J000027', 'I20006546', '2009', NULL, 2, 'belum terjual'),
(757, 'BLUE', 124, 'MK4XCNB29CJ002723', 'I20006405', '2012', NULL, 2, 'belum terjual'),
(758, 'BLACK', 125, 'MK4XCNB29CJ000157', 'I20006648', '2012', NULL, 2, 'belum terjual'),
(759, 'BLACK', 126, 'MK4XCNB29CJ000162', 'I20006531', '2012', NULL, 2, 'belum terjual'),
(760, 'RED', 127, 'MK4XCNB299J000908', 'I20001904', '2009', NULL, 2, 'belum terjual'),
(761, 'BLUE', 128, 'MK4XCNB29CJ000291', 'I20002983', '2012', NULL, 2, 'belum terjual'),
(762, 'BLUE', 129, 'MK4XCNB29CJ000690', 'I20006594', '2012', NULL, 2, 'belum terjual'),
(763, 'BLUE', 130, 'MK4XCNB29CJ000632', 'I20006586', '2012', NULL, 2, 'belum terjual'),
(764, 'RED', 131, 'MK4XCNB29CJ000056', 'I20006997', '2012', NULL, 2, 'belum terjual'),
(765, 'BLACK', 132, 'MK4XCNB29CJ000137', 'I20006437', '2012', NULL, 2, 'belum terjual'),
(766, 'BLUE', 133, 'MK4XCNB29CJ000169', 'I20006652', '2012', NULL, 2, 'belum terjual'),
(767, 'BLACK', 134, 'MK4XCNB29CJ000149', 'I20006425', '2012', NULL, 2, 'belum terjual'),
(768, 'BLUE', 135, 'MK4XCNB29CJ000684', 'I20003394', '2012', NULL, 2, 'belum terjual'),
(769, 'BLACK', 136, 'MK4XCNB29CJ000645', 'I20006526', '2012', NULL, 2, 'belum terjual'),
(770, 'BLACK', 137, 'MK4XCNB29CJ000050', 'I20006566', '2009', NULL, 2, 'belum terjual'),
(771, 'BLUE', 138, 'MK4XCNB29CJ000160', 'I20006347', '2012', NULL, 2, 'belum terjual'),
(772, 'BLUE', 139, 'MK4XCNB29CJ000142', 'I20002951', '2012', NULL, 2, 'belum terjual'),
(773, 'RED', 140, 'MK4XCNB298J000722', 'I20001899', '2008', NULL, 2, 'belum terjual'),
(774, 'RED', 141, 'MK4XCNB29CJ000671', 'I20006583', '2012', NULL, 2, 'belum terjual'),
(775, 'BLUE', 142, 'MK4XCNB29CJ000697', 'I20006653', '2012', NULL, 2, 'belum terjual'),
(776, 'BLUE', 143, 'MK4XCNB299J000138', 'I20006649', '2009', NULL, 2, 'belum terjual'),
(777, 'BLUE', 144, 'MK4XCNB29CJ000699', 'I20006642', '2012', NULL, 2, 'belum terjual'),
(778, 'RED', 145, 'MK4XCNB29CJ000975', 'I20004699', '2012', NULL, 2, 'belum terjual'),
(779, 'BLACK', 146, 'MK4XCNB29CJ000157', 'I20006404', '2012', NULL, 2, 'belum terjual'),
(780, 'BLUE', 147, 'MK4XCNB29CJ000147', 'I20006620', '2012', NULL, 2, 'belum terjual'),
(781, 'RED', 148, 'MK4XCNB29CJ002722', 'I20006454', '2012', NULL, 2, 'belum terjual'),
(782, 'BLUE', 149, 'MK4XCNB29CJ000640', 'I20006510', '2012', NULL, 2, 'belum terjual'),
(783, 'BLACK', 150, 'MK4XCNB29CJ000693', 'I20006541', '2012', NULL, 2, 'belum terjual'),
(784, 'BLUE', 151, 'MK4XCNB299J001340', 'I20001592', '2009', NULL, 2, 'belum terjual'),
(785, 'RED', 152, 'MK4XCNB29CJ000681', 'I20006598', '2012', NULL, 2, 'belum terjual'),
(786, 'BLUE', 153, 'MK4XCNB29CJ000142', 'I20006507', '2012', NULL, 2, 'belum terjual'),
(787, 'RED', 154, 'MK4XCNB29CJ000660', 'I20006590', '2012', NULL, 2, 'belum terjual'),
(788, 'RED', 155, 'MK4XCNB29CJ002087', 'I20005449', '2012', NULL, 2, 'belum terjual'),
(789, 'RED', 156, 'MK4XCNB29CJ000148', 'I20006440', '2012', NULL, 2, 'belum terjual'),
(790, 'BLUE', 157, 'MK4XCNB29CJ001366', 'I20002981', '2012', NULL, 2, 'belum terjual'),
(791, 'BLACK', 158, 'MK4XCNB298J000522', 'I20003749', '2008', NULL, 2, 'belum terjual'),
(792, 'RED', 159, 'MK4XCNB29CJ006123', 'I20006615', '2012', NULL, 2, 'belum terjual'),
(793, 'BLUE', 160, 'MK4XCNSCM9J000022', 'I20006560', '2009', NULL, 2, 'belum terjual'),
(794, 'RED', 161, 'MK4XCNB29CJ002767', 'I20006421', '2012', NULL, 2, 'belum terjual'),
(795, 'BLACK', 162, 'MK4XCNB29CJ002040', 'I20005557', '2012', NULL, 2, 'belum terjual'),
(796, 'RED', 163, 'MK4XCNB29CJ000621', 'I20002360', '2012', NULL, 2, 'belum terjual'),
(797, 'BLUE', 164, 'MK4XCNB29CJ001887', 'I20002759', '2012', NULL, 2, 'belum terjual'),
(798, 'BLUE', 165, 'MK4XCNB29CJ000638', 'I20005468', '2012', NULL, 2, 'belum terjual'),
(799, 'BLUE', 166, 'MK4XCNB29CJ000404', 'I20003020', '2012', NULL, 2, 'belum terjual'),
(800, 'RED', 167, 'MK4XCNB29CJ001339', 'I20004623', '2012', NULL, 2, 'belum terjual'),
(801, 'BLACK', 168, 'MK4XCNB29CJ002784', 'I20006345', '2012', NULL, 2, 'belum terjual'),
(802, 'BLACK', 169, 'MK4XCNB29CJ001633', 'I20004818', '2012', NULL, 2, 'belum terjual'),
(803, 'BLACK', 170, 'MK4XCNB298J000218', 'I20006500', '2008', NULL, 2, 'belum terjual'),
(804, 'BLACK', 171, 'MK4XCNB29CJ000972', 'I20004092', '2012', NULL, 2, 'belum terjual'),
(805, 'BLACK', 172, 'MK4XCNB29CJ000906', 'I20005455', '2012', NULL, 2, 'belum terjual'),
(806, 'BLUE', 173, 'MK4XCNB29CJ000173', 'I20006658', '2012', NULL, 2, 'belum terjual'),
(807, 'BLACK', 174, 'MK4XCNB29CJ002800', 'I20006373', '2012', NULL, 2, 'belum terjual'),
(808, 'BLUE', 175, 'MK4XCNB29CJ002737', 'I20006352', '2012', NULL, 2, 'belum terjual'),
(809, 'BLUE', 176, 'MK4XCNB29CJ000632', 'I20005482', '2012', NULL, 2, 'belum terjual'),
(810, 'BLUE', 177, 'MK4XCNB29BJ000076', 'I20003440', '2011', NULL, 2, 'belum terjual'),
(811, 'BLACK', 178, 'MK4XCNB29CJ002172', 'I20006606', '2012', NULL, 2, 'belum terjual'),
(812, 'BLUE', 179, 'MK4XCNB29CJ001368', 'I20001554', '2012', NULL, 2, 'belum terjual'),
(813, 'BLACK', 180, 'MK4XCNB29CJ000136', 'I20006585', '2012', NULL, 2, 'belum terjual'),
(814, 'BLACK', 181, 'MK4XCNB299J000092', 'I20006639', '2009', NULL, 2, 'belum terjual'),
(815, 'BLUE', 182, 'MK4XCNB29CJ000332', 'I20006402', '2012', NULL, 2, 'belum terjual'),
(816, 'RED', 183, 'MK4XCNB29CJ002122', 'I20006530', '2012', NULL, 2, 'belum terjual'),
(817, 'BLACK', 184, 'MK4XCNB29CJ002163', 'I20006573', '2012', NULL, 2, 'belum terjual'),
(818, 'BLUE', 185, 'MK4XCNB29CJ000171', 'I20006662', '2012', NULL, 2, 'belum terjual'),
(819, 'BLUE', 186, 'MK4XCNB29CJ000272', 'I20002035', '2012', NULL, 2, 'belum terjual'),
(820, 'BLACK', 187, 'MK4XCNB29CJ000600', 'I20003793', '2012', NULL, 2, 'belum terjual'),
(821, 'BLACK', 188, 'MK4XCNB29CJ002059', 'I20005453', '2012', NULL, 2, 'belum terjual'),
(822, 'BLUE', 189, 'MK4XCNB29CJ000958', 'I20002374', '2012', NULL, 2, 'belum terjual'),
(823, 'BLACK', 190, 'MK4XCNB29CJ000838', 'I20006446', '2012', NULL, 2, 'belum terjual'),
(824, 'RED', 191, 'MK4XCNB29CJ002083', 'I20005469', '2012', NULL, 2, 'belum terjual'),
(825, 'BLUE', 192, 'MK4XCNB29CJ001213', 'I20001427', '2012', NULL, 2, 'belum terjual'),
(826, 'BLUE', 193, 'MK4XCNB29CJ002704', 'I20006379', '2012', NULL, 2, 'belum terjual'),
(827, 'BLUE', 194, 'MK4XCNB29CJ000174', 'I20006609', '2012', NULL, 2, 'belum terjual'),
(828, 'RED', 195, 'MK4XCNSCM9J000019', 'I20006551', '2009', NULL, 2, 'belum terjual'),
(829, 'BLUE', 196, 'MK4XCNB298J001442', 'I20004695', '2008', NULL, 2, 'belum terjual'),
(830, 'BLACK', 197, 'MK4XCNSCM9J000043', 'I20005544', '2009', NULL, 2, 'belum terjual'),
(831, 'BLUE', 198, 'MK4XCNB29CJ000241', 'I20001423', '2012', NULL, 2, 'belum terjual'),
(832, 'RED', 199, 'MK4XCNB29CJ002009', 'I20005440', '2012', NULL, 2, 'belum terjual'),
(833, 'BLACK', 200, 'MK4XCNB29CJ000827', 'I20006477', '2012', NULL, 2, 'belum terjual'),
(834, 'RED', 201, 'MK4XCNB29CJ000962', 'I20001754', '2012', NULL, 2, 'belum terjual'),
(835, 'BLUE', 202, 'MK4XCNSCM8J000208', 'I20006428', '2008', NULL, 2, 'belum terjual'),
(836, 'BLUE', 203, 'MK4XCNB29CJ001048', 'I20003129', '2012', NULL, 2, 'belum terjual'),
(837, 'BLUE', 204, 'MK4XCNSCMAJ000003', 'I20006463', '2010', NULL, 2, 'belum terjual'),
(838, 'RED', 205, 'MK4XCNB29CJ000934', 'I20003567', '2012', NULL, 2, 'belum terjual'),
(839, 'RED', 206, 'MK4XCNB29AJ000144', 'I20006392', '2010', NULL, 2, 'belum terjual'),
(840, 'RED', 207, 'MK4XCNB299J000954', 'I20001723', '2009', NULL, 2, 'belum terjual'),
(841, 'BLUE', 208, 'MK4XCNB299J000685', 'I20003401', '2009', NULL, 2, 'belum terjual'),
(842, 'BLUE', 209, 'MK4XCNB299J00950', 'I20004869', '2009', NULL, 2, 'belum terjual'),
(843, 'BLACK', 210, 'MK4XCNB299J000085', 'I20006556', '2009', NULL, 2, 'belum terjual'),
(844, 'RED', 211, 'MK4XCNB298J000293', 'I20002719', '2008', NULL, 2, 'belum terjual'),
(845, 'BLACK', 212, 'MK4XCNB298J002127', 'I20005460', '2008', NULL, 2, 'belum terjual'),
(846, 'BLACK', 213, 'MK4XCNSCM8J000103', 'I20005554', '2008', NULL, 2, 'belum terjual'),
(847, 'RED', 214, 'MK4XCNB298J001608', 'I20004855', '2008', NULL, 2, 'belum terjual'),
(848, 'RED', 215, 'MK4XCNB29AJ000284', 'I20004824', '2010', NULL, 2, 'belum terjual'),
(849, 'BLUE', 216, 'MK4XCNB299J000546', 'I20004838', '2009', NULL, 2, 'belum terjual'),
(850, 'BLACK', 217, 'MK4XCNSCM9J000029', 'I20006550', '2009', NULL, 2, 'belum terjual'),
(851, 'BLUE', 218, 'MK4XCNB298J002123', 'I20005586', '2008', NULL, 2, 'belum terjual'),
(852, 'BLACK', 219, 'MK4XCNSCMAJ000004', 'I20006451', '2010', NULL, 2, 'belum terjual'),
(853, 'BLUE', 220, 'MK4XCNB299J000463', 'I20006468', '2009', NULL, 2, 'belum terjual'),
(854, 'BLUE', 221, 'MK4XCNB297J001021', 'I20002382', '2007', NULL, 2, 'belum terjual'),
(855, 'BLUE', 222, 'MK4XCNB299J000683', 'I20004689', '2009', NULL, 2, 'belum terjual'),
(856, 'BLACK', 223, 'MK4XCNSCM8J000217', 'I20006484', '2008', NULL, 2, 'belum terjual'),
(857, 'BLUE', 224, 'MK4XCNB298J002154', 'I20005563', '2008', NULL, 2, 'belum terjual'),
(858, 'BLUE', 225, 'MK4XCNSCM8J000215', 'I20006385', '2008', NULL, 2, 'belum terjual'),
(859, 'BLACK', 226, 'MK4XCNSCM8J000100', 'I20005586', '2008', NULL, 2, 'belum terjual'),
(860, 'BLUE', 227, 'MK4XCNB29CJ000770', 'I20006657', '2012', NULL, 2, 'belum terjual'),
(861, 'BLACK', 228, 'MK4XCNB29CJ000649', 'I20006578', '2012', NULL, 2, 'belum terjual'),
(862, 'BLUE', 229, 'MK4XCNB29CJ001586', 'I20004859', '2012', NULL, 2, 'belum terjual'),
(863, 'RED', 230, 'MK4XCNB298J002731', 'I20006487', '2008', NULL, 2, 'belum terjual'),
(864, 'RED', 231, 'MK4XCNB29CJ001864', 'I20001864', '2012', NULL, 2, 'belum terjual'),
(865, 'RED', 232, 'MK4XCNB29CJ000500', 'I20003700', '2012', NULL, 2, 'belum terjual'),
(866, 'BLACK', 233, 'MK4XCNB29CJ002799', 'I20006355', '2012', NULL, 2, 'belum terjual'),
(867, 'BLUE', 234, 'MK4XCNB29CJ000704', 'I20006622', '2012', NULL, 2, 'belum terjual'),
(868, 'BLUE', 235, 'MK4XCNB29CJ002715', 'I20006442', '2012', NULL, 2, 'belum terjual'),
(869, 'BLUE', 236, 'MK4XCNB29CJ000733', 'I20006633', '2012', NULL, 2, 'belum terjual'),
(870, 'RED', 237, 'MK4XCNB29CJ002834', 'I20006470', '2012', NULL, 2, 'belum terjual'),
(871, 'BLUE', 238, 'MK4XCNB29CJ002729', 'I20006417', '2012', NULL, 2, 'belum terjual'),
(872, 'BLACK', 239, 'MK4XCNB29CJ002830', 'I20006475', '2012', NULL, 2, 'belum terjual'),
(873, 'BLACK', 240, 'MK4XCNB29CJ000986', 'I20005558', '2012', NULL, 2, 'belum terjual'),
(874, 'BLUE', 241, 'MK4XCNB29CJ002744', 'I20006467', '2012', NULL, 2, 'belum terjual'),
(875, 'BLUE', 242, 'MK4XCNSCM9J000021', 'I20006581', '2009', NULL, 2, 'belum terjual'),
(876, 'BLACK', 243, 'MK4XCNB29CJ002829', 'I20006358', '2012', NULL, 2, 'belum terjual'),
(877, 'BLACK', 244, 'MK4XCNB299J000065', 'I20006570', '2009', NULL, 2, 'belum terjual'),
(878, 'BLACK', 245, 'MK4XCNB29CJ000700', 'I20003143', '2012', NULL, 2, 'belum terjual'),
(879, 'BLUE', 246, 'MK4XCNB29CJ001935', 'I20003175', '2012', NULL, 2, 'belum terjual'),
(880, 'BLACK', 247, 'MK4XCNB299J000754', 'I20004158', '2009', NULL, 2, 'belum terjual'),
(881, 'BLUE', 248, 'MK4XCNB29CJ000996', 'I20002939', '2012', NULL, 2, 'belum terjual'),
(882, 'BLUE', 249, 'MK4XCNB29CJ001011', 'I20002884', '2012', NULL, 2, 'belum terjual'),
(883, 'BLACK', 250, 'MK4XCNB29CJ000526', 'I20003746', '2012', NULL, 2, 'belum terjual'),
(884, 'BLACK', 251, 'MK4XCNB29CJ000267', 'I20004862', '2012', NULL, 2, 'belum terjual'),
(885, 'BLACK', 252, 'MK4XCNB298J002084', 'I20005546', '2008', NULL, 2, 'belum terjual'),
(886, 'RED', 253, 'MK4XCNB29CJ001212', 'I20001438', '2012', NULL, 2, 'belum terjual'),
(887, 'BLUE', 254, 'MK4XCNB29CJ000997', 'I20003153', '2012', NULL, 2, 'belum terjual'),
(888, 'BLACK', 255, 'MK4XCNB29CJ002128', 'I20005464', '2012', NULL, 2, 'belum terjual'),
(889, 'BLUE', 256, 'MK4XCNB29CJ000279', 'I20001897', '2012', NULL, 2, 'belum terjual'),
(890, 'BLUE', 257, 'MK4XCNB29CJ009606', 'I20004651', '2012', NULL, 2, 'belum terjual'),
(891, 'RED', 258, 'MK4XCNB29CJ000320', 'I20003399', '2012', NULL, 2, 'belum terjual'),
(892, 'RED', 259, 'MK4XCNB298J001372', 'I20004652', '2008', NULL, 2, 'belum terjual'),
(893, 'BLUE', 260, 'MK4XCNB298J002132', 'I20005503', '2008', NULL, 2, 'belum terjual'),
(894, 'RED', 261, 'MK4XCNB29CJ002767', 'I20006387', '2012', NULL, 2, 'belum terjual'),
(895, 'BLUE', 262, 'MK4XCNB29CJ000371', 'I20001531', '2012', NULL, 2, 'belum terjual'),
(896, 'BLUE', 263, 'MK4XCNB29CJ000339', 'I20002535', '2012', NULL, 2, 'belum terjual'),
(897, 'BLUE', 264, 'MK4XCNB29CJ006634', 'I20006651', '2012', NULL, 2, 'belum terjual'),
(898, 'BLUE', 265, 'MK4XCNB29CJ002004', 'I20002934', '2012', NULL, 2, 'belum terjual'),
(899, 'BLACK', 266, 'MK4XCNB29CJ002030', 'I20005439', '2012', NULL, 2, 'belum terjual'),
(900, 'BLUE', 267, 'MK4XCNB299J000955', 'I20002411', '2009', NULL, 2, 'belum terjual'),
(901, 'BLUE', 268, 'MK4XCNB298J000176', 'I20003752', '2008', NULL, 2, 'belum terjual'),
(902, 'BLACK', 269, 'MK4XCNB298J002832', 'I20006468', '2008', NULL, 2, 'belum terjual'),
(903, 'RED', 270, 'MK4XCNSCM9J000026', 'I20006558', '2009', NULL, 2, 'belum terjual'),
(904, 'BLACK', 271, 'MK4XCNB299J000080', 'I20006514', '2009', NULL, 2, 'belum terjual'),
(905, 'BLUE', 272, 'MK4XCNSCMAJ000001', 'I20001557', '2010', NULL, 2, 'belum terjual'),
(906, 'BLACK', 273, 'MK4XCNSCM9J000024', 'I20006549', '2009', NULL, 2, 'belum terjual'),
(907, 'BLACK', 274, 'MK4XCNSCM8J000211', 'I20006390', '2008', NULL, 2, 'belum terjual'),
(908, 'RED', 275, 'MK4XCNB29CJ002012', 'I20005443', '2008', NULL, 2, 'belum terjual'),
(909, 'BLUE', 276, 'MK4XCNSCM9J000020', 'I20006552', '2009', NULL, 2, 'belum terjual'),
(910, 'BLUE', 277, 'MK4XCNB298J000402', 'I20002978', '2008', NULL, 2, 'belum terjual'),
(911, 'BLUE', 278, 'MK4XCNB298J000473', 'I20003395', '2008', NULL, 2, 'belum terjual'),
(912, 'BLUE', 279, 'MK4XCNSCM8J000209', 'I20006445', '2008', NULL, 2, 'belum terjual'),
(913, 'RED', 280, 'MK4XCNB298J000729', 'I20002595', '2008', NULL, 2, 'belum terjual'),
(914, 'RED', 281, 'MK4XCNB299J000113', 'I20006542', '2009', NULL, 2, 'belum terjual'),
(915, 'BLUE', 282, 'MK4XCNSCM9J000018', 'I20006575', '2009', NULL, 2, 'belum terjual'),
(916, 'BLUE', 283, 'MK4XCNB298J002035', 'I20005517', '2008', NULL, 2, 'belum terjual'),
(917, 'BLUE', 284, 'MK4XCNB298J000919', 'I20004095', '2008', NULL, 2, 'belum terjual'),
(918, 'RED', 285, 'MK4XCNB298J000274', 'I20001729', '2008', NULL, 2, 'belum terjual'),
(919, 'BLUE', 286, 'MK4XCNB297J001038', 'I20002415', '2007', NULL, 2, 'belum terjual'),
(920, 'RED', 287, 'MK4XCNB299J000715', 'I20003789', '2009', NULL, 2, 'belum terjual'),
(921, 'RED', 288, 'MK4XCNB29AJ000309', 'I20004867', '2010', NULL, 2, 'belum terjual'),
(922, 'BLUE', 289, 'MK4XCNB29CJ000957', 'I20001735', '2012', NULL, 2, 'belum terjual'),
(923, 'BLUE', 290, 'MK4XCNB29CJ001005', 'I20003141', '2012', NULL, 2, 'belum terjual'),
(924, 'BLACK', 291, 'MK4XCNB298J002072', 'I20005502', '2008', NULL, 2, 'belum terjual'),
(925, 'BLUE', 292, 'MK4XCNB296J001028', 'I20002731', '2008', NULL, 2, 'belum terjual'),
(926, 'SILVER', 293, 'MK4XCNB299J001003', 'I20001759', '2009', NULL, 2, 'belum terjual'),
(927, 'BLUE', 294, 'MK4XCNB298J000971', 'I20004119', '2008', NULL, 2, 'belum terjual'),
(928, 'BLUE', 295, 'MK4XCNB298J002798', 'I20006492', '2008', NULL, 2, 'belum terjual'),
(929, 'RED', 296, 'MK4XCNB298J000994', 'I20003170', '2008', NULL, 2, 'belum terjual'),
(930, 'BLUE', 297, 'MK4XCNB299J000132', 'I20006563', '2009', NULL, 2, 'belum terjual'),
(931, 'BLUE', 298, 'MK4XCNB298J000177', 'I20002879', '2008', NULL, 2, 'belum terjual'),
(932, 'YELLOW', 299, 'MK4XCNB299J000953', 'I20001548', '2009', NULL, 2, 'belum terjual'),
(933, 'BLUE', 300, 'MK4XCNB298J000992', 'I20004985', '2008', NULL, 2, 'belum terjual'),
(934, 'RED', 301, 'MK4XCNB29AJ000285', 'I20004795', '2001', NULL, 2, 'belum terjual'),
(935, 'BLUE', 302, 'MK4XCNB296J002155', 'I20005436', '2006', NULL, 2, 'belum terjual'),
(936, 'BLUE', 303, 'MK4XCNB298J002120', 'I20005461', '2008', NULL, 2, 'belum terjual'),
(937, 'RED', 304, 'MK4XCNB299J000052', 'I20006527', '2009', NULL, 2, 'belum terjual'),
(938, 'BLUE', 305, 'MK4XCNB298J000159', 'I20003147', '2009', NULL, 2, 'belum terjual'),
(939, 'RED', 306, 'MK4XCNB299J000519', 'I20003427', '2009', NULL, 2, 'belum terjual'),
(940, 'BLUE', 307, 'MK4XCNB298J002748', 'I20006452', '2008', NULL, 2, 'belum terjual'),
(941, 'BLACK', 308, 'MK4XCNB29CJ000766', 'I20006572', '2012', NULL, 2, 'belum terjual'),
(942, 'BLUE', 1, 'MK4XCK259AJ 000466', 'LC152QMI86 045555', '2010', NULL, 4, 'belum terjual'),
(943, 'BLUE', 2, 'MK4XCK259CJ 001755', 'LC152QMI86 045576', '2012', NULL, 4, 'belum terjual'),
(944, 'BLACK', 3, 'MK4XCK259CJ 001641', 'LC152QMI86 019356', '2012', NULL, 4, 'belum terjual'),
(945, 'BLUE', 4, 'MK4XCK259CJ 001717', 'LC152QMI86 045614', '2012', NULL, 4, 'belum terjual'),
(946, 'BLACK', 5, 'MK4XCK259DJ 000615', 'LC152QMI86 019445', '2013', NULL, 4, 'belum terjual'),
(947, 'BLUE', 6, 'MK4XCK259CJ 001691', 'LC152QMI86 045565', '2012', NULL, 4, 'belum terjual'),
(948, 'BLUE', 7, 'MK4XCK259CJ 001466', 'LC152QMI86 019524', '2012', NULL, 4, 'belum terjual'),
(949, 'BLACK', 8, 'MK4XCK259CJ 001928', 'LC152QMI86 045595', '2012', NULL, 4, 'belum terjual'),
(950, 'BLUE', 9, 'MK4XCK259CJ 001680', 'LC152QMI86 045617', '2012', NULL, 4, 'belum terjual'),
(951, 'RED', 10, 'MK4XCK259CJ 001729', 'LC152QMI86 045611', '2012', NULL, 4, 'belum terjual'),
(952, 'BLACK', 11, 'MK4XCK259CJ 001926', 'LC152QMI86 045548', '2012', NULL, 4, 'belum terjual'),
(953, 'BLUE', 12, 'MK4XCK259CJ 001689', 'LC152QMI86 045644', '2012', NULL, 4, 'belum terjual'),
(954, 'RED', 13, 'MK4XCK259CJ 001750', 'LC152QMI86 045575', '2012', NULL, 4, 'belum terjual'),
(955, 'RED', 14, 'MK4XCK259DJ 001756', 'LC152QMI86 045568', '2013', NULL, 4, 'belum terjual'),
(956, 'BLUE', 15, 'MK4XCK259DJ 001713', 'LC152QMI86 045597', '2013', NULL, 4, 'belum terjual'),
(957, 'BLUE', 16, 'MK4XCK259DJ 002816', 'LC152QMI86 036898', '2013', NULL, 4, 'belum terjual'),
(958, 'BLUE', 17, 'MK4XCK259DJ 001711', 'LC152QMI86 045527', '2013', NULL, 4, 'belum terjual'),
(959, 'RED', 18, 'MK4XCK259CJ 001751', 'LC152QMI86 045577', '2012', NULL, 4, 'belum terjual'),
(960, 'BLUE', 19, 'MK4XCK259CJ 001683', 'LC152QMI86 045607', '2012', NULL, 4, 'belum terjual'),
(961, 'BLACK', 20, 'MK4XCK259CJ 001905', 'LC152QMI86 045667', '2012', NULL, 4, 'belum terjual'),
(962, 'RED', 21, 'MK4XCK259CJ 001735', 'LC152QMI86 045543', '2012', NULL, 4, 'belum terjual'),
(963, 'BLUE', 22, 'MK4XCK259DJ 002795', 'LC152QMI86 036829', '2013', NULL, 4, 'belum terjual'),
(964, 'BLUE', 23, 'MK4XCK259CJ 002695', 'LC152QMI86 036894', '2012', NULL, 4, 'belum terjual'),
(965, 'RED', 24, 'MK4XCK259CJ 001732', 'LC152QMI86 045531', '2014', NULL, 4, 'belum terjual'),
(966, 'BLACK', 25, 'MK4XCK259CJ 001670', 'LC152QMI86 036773', '2012', NULL, 4, 'belum terjual'),
(967, 'BLACK', 26, 'MK4XCK259CJ 001838', 'LC152QMI86 045674', '2012', NULL, 4, 'belum terjual'),
(968, 'RED', 27, 'MK4XCK259CJ 001739', 'LC152QMI86 045539', '2012', NULL, 4, 'belum terjual'),
(969, 'BLUE', 28, 'MK4XCK259AJ 001469', 'LC152QMI86 019516', '2008', NULL, 4, 'belum terjual'),
(970, 'BLUE', 29, 'MK4XCK259CJ 002735', 'LC152QMI86 036783', '2012', NULL, 4, 'belum terjual'),
(971, 'RED', 30, 'MK4XCK259CJ 001499', 'LC152QMI86 019450', '2012', NULL, 4, 'belum terjual'),
(972, 'BLACK', 31, 'MK4XCK259CJ 002699', 'LC152QMI86 036790', '2012', NULL, 4, 'belum terjual'),
(973, 'BLUE', 32, 'MK4XCK259AJ 001163', 'LC152QMI86 019542', '2008', NULL, 4, 'belum terjual'),
(974, 'BLUE', 33, 'MK4XCK259CJ 001704', 'LC152QMI86 045537', '2012', NULL, 4, 'belum terjual'),
(975, 'BLUE', 34, 'MK4XCK259DJ 001726', 'LC152QMI86 045639', '2013', NULL, 4, 'belum terjual'),
(976, 'BLUE', 35, 'MK4XCK259CJ 001908', 'LC152QMI86 045586', '2012', NULL, 4, 'belum terjual'),
(977, 'BLACK', 36, 'MK4XCK259CJ 000915', 'LC152QMI86 019518', '2012', NULL, 4, 'belum terjual'),
(978, 'BLUE', 37, 'MK4XCK259CJ 001693', 'LC152QMI86 045669', '2012', NULL, 4, 'belum terjual'),
(979, 'BLUE', 38, 'MK4XCK259CJ 001706', 'LC152QMI86 045603', '2012', NULL, 4, 'belum terjual'),
(980, 'BLUE', 39, 'MK4XCK259CJ 001695', 'LC152QMI86 045605', '2012', NULL, 4, 'belum terjual'),
(981, 'BLUE', 40, 'MK4XCK259CJ 001742', 'LC152QMI86 045540', '2012', NULL, 4, 'belum terjual'),
(982, 'BLUE', 41, 'MK4XCK259AJ 001754', 'LC152QMI86 045688', '2009', NULL, 4, 'belum terjual'),
(983, 'RED', 42, 'MK4XCK259CJ 001819', 'LC152QMI86 045672', '2012', NULL, 4, 'belum terjual'),
(984, 'BLACK', 43, 'MK4XCK259CJ 001822', 'LC152QMI86 045705', '2012', NULL, 4, 'belum terjual'),
(985, 'RED', 44, 'MK4XCK259DJ 001766', 'LC152QMI86 045716', '2013', NULL, 4, 'belum terjual'),
(986, 'RED', 45, 'MK4XCK259CJ 001145', 'LC152QMI86 036823', '2012', NULL, 4, 'belum terjual'),
(987, 'BLUE', 46, 'MK4XCK259CJ 001696', 'LC152QMI86 045664', '2012', NULL, 4, 'belum terjual'),
(988, 'RED', 47, 'MK4XCK259AJ 000508', 'LC152QMI86 036761', '2009', NULL, 4, 'belum terjual'),
(989, 'BLACK', 48, 'MK4XCK259CJ 002626', 'LC152QMI86 036785', '2012', NULL, 4, 'belum terjual'),
(990, 'BLACK', 49, 'MK4XCK259CJ 001914', 'LC152QMI86 045587', '2012', NULL, 4, 'belum terjual'),
(991, 'RED', 50, 'MK4XCK2598J002667', 'LC152QMI86036914', '2008', NULL, 4, 'belum terjual'),
(992, 'RED', 51, 'MK4XCK2599J001767', 'LC152QMI86045570', '2009', NULL, 4, 'belum terjual'),
(993, 'BLACK', 52, 'MK4XCK2599J001840', 'LC152QMI86045712', '2009', NULL, 4, 'belum terjual'),
(994, 'RED', 53, 'MK4XCK2598J002656', 'LC152QMI86036806', '2008', NULL, 4, 'belum terjual'),
(995, 'BLACK', 54, 'MK4XCK2599J000470', 'LC152QMI76019391', '2009', NULL, 4, 'belum terjual'),
(996, 'RED', 55, 'MK4XCK2598J001450', 'LC152QMI76019478', '2008', NULL, 4, 'belum terjual'),
(997, 'BLACK', 56, 'MK4XCK2598J002704', 'LC152QMI86036781', '2008', NULL, 4, 'belum terjual'),
(998, 'BLACK', 57, 'MK4XCKS0M9J000130', 'LC152QMI86045589', '2009', NULL, 4, 'belum terjual'),
(999, 'BLACK', 58, 'MK4XCK2599J001848', 'LC152QMI86045560', '2009', NULL, 4, 'belum terjual'),
(1000, 'BLACK', 59, 'MK4XCK2598J001570', 'LC152QMI76019368', '2008', NULL, 4, 'belum terjual'),
(1001, 'RED', 60, 'MK4XCK259AJ000445', 'LC152QMI86045547', '2010', NULL, 4, 'belum terjual'),
(1002, 'BLUE', 61, 'MK4XCK2599J001725', 'LC152QMI86045718', '2009', NULL, 4, 'belum terjual'),
(1003, 'RED', 62, 'MK4XCK2599J001821', 'LC152QMI86045578', '2009', NULL, 4, 'belum terjual'),
(1004, 'RED', 63, 'MK4XCK2598J002663', 'LC152QMI86036721', '2009', NULL, 4, 'belum terjual'),
(1005, 'RED', 64, 'MK4XCK2599J001773', 'LC152QMI86045679', '2009', NULL, 4, 'belum terjual'),
(1006, 'BLACK', 65, 'MK4XCK2599J001846', 'LC152QMI86045678', '2009', NULL, 4, 'belum terjual'),
(1007, 'BLACK', 66, 'MK4XCK2599J001850', 'LC152QMI86045651', '2009', NULL, 4, 'belum terjual'),
(1008, 'BLUE', 67, 'MK4XCK2599J001724', 'LC152QMI86045671', '2009', NULL, 4, 'belum terjual'),
(1009, 'RED', 68, 'MK4XCK2598J002756', 'LC152QMI86036780', '2008', NULL, 4, 'belum terjual'),
(1010, 'RED', 69, 'MK4XCK259AJ000443', 'LC152QMI86045691', '2010', NULL, 4, 'belum terjual'),
(1011, 'BLACK', 70, 'MK4XCK2599J001824', 'LC152QMI86045704', '2009', NULL, 4, 'belum terjual'),
(1012, 'BLACK', 71, 'MK4XCKS0M9J000140', 'LC152QMI86045552', '2009', NULL, 4, 'belum terjual'),
(1013, 'BLUE', 72, 'MK4XCK259AJ000456', 'LC152QMI86045628', '2010', NULL, 4, 'belum terjual'),
(1014, 'BLACK', 73, 'MK4XCKS0M9J000123', 'LC152QMI86045656', '2009', NULL, 4, 'belum terjual'),
(1015, 'BLUE', 74, 'MK4XCK259AJ000471', 'LC152QMI86045686', '2010', NULL, 4, 'belum terjual'),
(1016, 'BLUE', 75, 'MK4XCK2599J002831', 'LC152QMI86036815', '2009', NULL, 4, 'belum terjual'),
(1017, 'BLUE', 76, 'MK4XCK2599J001705', 'LC152QMI86045549', '2009', NULL, 4, 'belum terjual'),
(1018, 'BLACK', 77, 'MK4XCKS0M9J000125', 'LC152QMI86045536', '2009', NULL, 4, 'belum terjual'),
(1019, 'BLUE', 78, 'MK4XCK2599J001651', 'LC152QMI76019428', '2009', NULL, 4, 'belum terjual'),
(1020, 'RED', 79, 'MK4XCK2599J001652', 'LC152QMI86036836', '2009', NULL, 4, 'belum terjual'),
(1021, 'RED', 80, 'MK4XCK2599J001656', 'LC152QMI86036852', '2009', NULL, 4, 'belum terjual'),
(1022, 'BLUE', 81, 'MK4XCK2599J001813', 'LC152QMI86045569', '2009', NULL, 4, 'belum terjual'),
(1023, 'BLACK', 82, 'MK4XCK2599001927', '86045645', '2009', NULL, 4, 'belum terjual'),
(1024, 'RED', 83, 'MK4XCK2599J001829', 'LC152QMI86045571', '2009', NULL, 4, 'belum terjual'),
(1025, 'BLUE', 84, 'MK4XCK2599001716', '86045720', '2009', NULL, 4, 'belum terjual'),
(1026, 'BLUE', 85, 'MK4XCK2599J001692', 'LC152QMI86045643', '2009', NULL, 4, 'belum terjual'),
(1027, 'BLUE', 86, 'MK4XCK2599J001678', 'LC152QMI86045580', '2009', NULL, 4, 'belum terjual'),
(1028, 'BLUE', 87, 'MK4XCK2599J001649', 'LC152QMI76019529', '2009', NULL, 4, 'belum terjual'),
(1029, 'BLACK', 88, 'MK4XCKS0M9J000002', 'LC152QMI76019472', '2009', NULL, 4, 'belum terjual'),
(1030, 'BLUE', 89, 'MK4XCK2599J001738', 'LC152QMI86045685', '2009', NULL, 4, 'belum terjual'),
(1031, 'RED', 90, 'MK4XCK259BJ000013', 'LC152QMI86045676', '2011', NULL, 4, 'belum terjual'),
(1032, 'BLUE', 91, 'MK4XCK2599J001702', 'LC152QMI86045636', '2009', NULL, 4, 'belum terjual'),
(1033, 'BLUE', 92, 'MK4XCK2599J001722', 'LC152QMI86045606', '2009', NULL, 4, 'belum terjual'),
(1034, 'BLACK', 93, 'MK4XCKS0M9J000137', 'LC152QMI86045625', '2009', NULL, 4, 'belum terjual'),
(1035, 'BLUE', 94, 'MK4XCK2598J002787', 'LC152QMI86036757', '2008', NULL, 4, 'belum terjual'),
(1036, 'BLUE', 95, 'MK4XCK2599J001700', 'LC152QMI86045629', '2009', NULL, 4, 'belum terjual'),
(1037, 'BLACK', 96, 'MK4XCKS0M9J000122', 'LC152QMI86045524', '2009', NULL, 4, 'belum terjual'),
(1038, 'RED', 97, 'MK4XCK259BJ000151', 'LC152QMI86045646', '2011', NULL, 4, 'belum terjual'),
(1039, 'BLACK', 98, 'MK4XCKS0M9J000126', 'LC152QMI86045535', '2009', NULL, 4, 'belum terjual'),
(1040, 'BLACK', 99, 'MK4XCK2599J001839', 'LC152QMI86045659', '2009', NULL, 4, 'belum terjual'),
(1041, 'BLUE', 100, 'MK4XCK2599J001727', 'LC152QMI60045585', '2009', NULL, 4, 'belum terjual'),
(1042, 'BLACK', 101, 'MK4XCK259AJ000452', 'LC152QMI86045538', '2010', NULL, 4, 'belum terjual'),
(1043, 'RED', 102, 'MK4XCK2599J001827', 'LC152QMI86045675', '2009', NULL, 4, 'belum terjual'),
(1044, 'BLACK', 103, 'MK4XCKS0M9000138', '86045561', '2009', NULL, 4, 'belum terjual'),
(1045, 'BLACK', 104, 'MK4XCK2599J001650', 'LC152QMI76019476', '2009', NULL, 4, 'belum terjual'),
(1046, 'BLUE', 105, 'MK4XCK2599J001719', 'LC152QMI86045550', '2009', NULL, 4, 'belum terjual'),
(1047, 'RED', 106, 'MK4XCK2599J001757', 'LC152QMI86045706', '2009', NULL, 4, 'belum terjual'),
(1048, 'BLUE', 107, 'MK4XCK259DJ001712', 'LC152QMI86045668', '2012', NULL, 4, 'belum terjual'),
(1049, 'BLACK', 108, 'MK4XCKS0M9J000134', 'LC152QMI86045655', '2009', NULL, 4, 'belum terjual'),
(1050, 'BLUE', 109, 'MK4XCK2599J001718', 'LC152QMI86045701', '2009', NULL, 4, 'belum terjual'),
(1051, 'BLACK', 110, 'MK4XCK2599J001912', 'LC152QMI86045702', '2009', NULL, 4, 'belum terjual'),
(1052, 'BLUE', 111, 'MK4XCK2599J001715', 'LC152QMI86045541', '2009', NULL, 4, 'belum terjual'),
(1053, 'BLACK', 112, 'MK4XCK2599J001917', 'LC152QMI86045618', '2009', NULL, 4, 'belum terjual'),
(1054, 'RED', 113, 'MK4XCK2598J002684', 'LC152QMI86036846', '2008', NULL, 4, 'belum terjual'),
(1055, 'BLACK', 114, 'MK4XCK2599J001847', 'LC152QMI86045708', '2009', NULL, 4, 'belum terjual'),
(1056, 'RED', 115, 'MK4XCK2599J001737', 'LC152QMI86045573', '2009', NULL, 4, 'belum terjual'),
(1057, 'BLUE', 116, 'MK4XCK2599J001681', 'LC152QMI86045594', '2009', NULL, 4, 'belum terjual'),
(1058, 'RED', 117, 'MK4XCK2599J000760', 'LC152QMI76019392', '2009', NULL, 4, 'belum terjual'),
(1059, 'BLACK', 118, 'MK4XCK2598J002700', 'LC152QMI86036827', '2008', NULL, 4, 'belum terjual'),
(1060, 'RED', 119, 'MK4XCK2599J001762', 'LC152QMI86045670', '2009', NULL, 4, 'belum terjual'),
(1061, 'RED', 120, 'MK4XCK2598J002752', 'LC152QMI86036838', '2008', NULL, 4, 'belum terjual'),
(1062, 'BLUE', 121, 'MK4XCK2599J001685', 'LC152QMI86045723', '2009', NULL, 4, 'belum terjual'),
(1063, 'RED', 122, 'MK4XCK2599J000541', 'LC152QMI86036856', '2009', NULL, 4, 'belum terjual'),
(1064, 'BLACK', 123, 'MK4XCK2599J001849', 'LC152QMI86045700', '2009', NULL, 4, 'belum terjual'),
(1065, 'RED', 124, 'MK4XCK259AJ001747', 'LC152QMI86045567', '2010', NULL, 4, 'belum terjual'),
(1066, 'BLACK', 125, 'MK4XCK2599J001844', 'LC152QMI86045592', '2009', NULL, 4, 'belum terjual'),
(1067, 'BLACK', 126, 'MK4XCKS0M9J000131', 'LC152QMI86045658', '2009', NULL, 4, 'belum terjual'),
(1068, 'RED', 127, 'MK4XCK2598J001530', 'LC152QMI76019364', '2008', NULL, 4, 'belum terjual'),
(1069, 'BLACK', 128, 'MK4XCK259AJ000447', 'LC152QMI86045715', '2010', NULL, 4, 'belum terjual'),
(1070, 'RED', 129, 'MK4XCK259AJ000454', 'LC152QMI86045581', '2010', NULL, 4, 'belum terjual'),
(1071, 'RED BLACK', 1, 'MK4XCK259EJ000617', 'I12560486', '2014', NULL, 5, 'belum terjual'),
(1072, 'RED BLACK', 2, 'MK4XCK2598J000024', 'I12560634', '2008', NULL, 5, 'belum terjual'),
(1073, 'BLUE BLACK', 3, 'MK4XCK259CJ000625', 'I12560685', '2012', NULL, 5, 'belum terjual'),
(1074, 'RED BLACK', 4, 'MK4XCK2598J000035', 'I12560657', '2008', NULL, 5, 'belum terjual'),
(1075, 'BLUE BLACK', 5, 'MK4XCK259DJ000963', 'I12560687', '2013', NULL, 5, 'belum terjual'),
(1076, 'RED BLACK', 6, 'MK4XCK259DJ002281', 'I12561012', '2014', NULL, 5, 'belum terjual'),
(1077, 'BLACK', 7, 'MK4XCK259DJ002158', 'I12560891', '2013', NULL, 5, 'belum terjual'),
(1078, 'BLUE BLACK', 8, 'MK4XCK259CJ000615', 'I12560665', '2012', NULL, 5, 'belum terjual'),
(1079, 'RED BLACK', 9, 'MK4XCK259CJ001829', 'I12560704', '2012', NULL, 5, 'belum terjual'),
(1080, 'RED BLACK', 10, 'MK4XCK259CJ001997', 'I12560771', '2012', NULL, 5, 'belum terjual'),
(1081, 'BLUE BLACK', 11, 'MK4XCK259CJ000614', 'I12560640', '2012', NULL, 5, 'belum terjual'),
(1082, 'RED BLACK', 12, 'MK4XCK2599J000932', 'I12560625', '2009', NULL, 5, 'belum terjual'),
(1083, 'BLUE BLACK', 13, 'MK4XCK259DJ000622', 'I12560613', '2013', NULL, 5, 'belum terjual'),
(1084, 'BLUE BLACK', 14, 'MK4XCK259CJ000829', 'I12560615', '2012', NULL, 5, 'belum terjual'),
(1085, 'RED BLACK', 15, 'MK4XCK259CJ000624', 'I12560614', '2012', NULL, 5, 'belum terjual'),
(1086, 'BLUE BLACK', 16, 'MK4XCK259EJ000621', 'I12560803', '2014', NULL, 5, 'belum terjual'),
(1087, 'BLUE BLACK', 17, 'MK4XCK2599J000457', 'I12560684', '2009', NULL, 5, 'belum terjual'),
(1088, 'RED BLACK', 18, 'MK4XCK259CJ000620', 'I12560519', '2012', NULL, 5, 'belum terjual'),
(1089, 'BLUE BLACK', 19, 'MK4XCK2598J001914', 'I12560772', '2008', NULL, 5, 'belum terjual'),
(1090, 'RED BLACK', 20, 'MK4XCK259DJ001955', 'I12560866', '2013', NULL, 5, 'belum terjual'),
(1091, 'RED BLACK', 21, 'MK4XCK259CJ001987', 'I12560864', '2012', NULL, 5, 'belum terjual'),
(1092, 'RED BLACK', 22, 'MK4XCK2598J000279', 'I12560570', '2008', NULL, 5, 'belum terjual'),
(1093, 'RED BLACK', 23, 'MK4XCK259DJ000054', 'I12560589', '2013', NULL, 5, 'belum terjual'),
(1094, 'BLUE BLACK', 24, 'MK4XCK2598J001853', 'I12560715', '2008', NULL, 5, 'belum terjual'),
(1095, 'RED BLACK', 25, 'MK4XCK2598J000373', 'I12560466', '2008', NULL, 5, 'belum terjual'),
(1096, 'BLUE BLACK', 26, 'MK4XCK259DJ000790', 'I12560503', '2013', NULL, 5, 'belum terjual'),
(1097, 'BLUE BLACK', 27, 'MK4XCK259CJ000527', 'I12560713', '2012', NULL, 5, 'belum terjual');
INSERT INTO `motor` (`id`, `warna`, `no_totok`, `no_rangka`, `no_mesin`, `tahun`, `keterangan`, `id_jenis`, `status`) VALUES
(1098, 'BLUE BLACK', 28, 'MK4XCK259DJ000611', 'I12560586', '2013', NULL, 5, 'belum terjual'),
(1099, 'RED BLACK', 29, 'MK4XCK259DJ004502', 'I12560525', '2013', NULL, 5, 'belum terjual'),
(1100, 'RED BLACK', 30, 'MK4XCK259DJ001976', 'I12560861', '2013', NULL, 5, 'belum terjual'),
(1101, 'BLUE BLACK', 31, 'MK4XCK2598J000275', 'I12560534', '2008', NULL, 5, 'belum terjual'),
(1102, 'RED BLACK', 32, 'MK4XCK2599J000038', 'I12560669', '2009', NULL, 5, 'belum terjual'),
(1103, 'RED BLACK', 33, 'MK4XCK2598J000023', 'I12560435', '2008', NULL, 5, 'belum terjual'),
(1104, 'BLUE BLACK', 34, 'MK4XCK259CJ000903', 'I12560679', '2012', NULL, 5, 'belum terjual'),
(1105, 'BLUE BLACK', 35, 'MK4XCK259CJ000626', 'I12560491', '2012', NULL, 5, 'belum terjual'),
(1106, 'RED BLACK', 36, 'MK4XCK259CJ001973', 'I12560794', '2012', NULL, 5, 'belum terjual'),
(1107, 'RED BLACK', 37, 'MK4XCK259DJ001942', 'I12560862', '2013', NULL, 5, 'belum terjual'),
(1108, 'BLUE BLACK', 38, 'MK4XCK259CJ000627', 'I12560540', '2012', NULL, 5, 'belum terjual'),
(1109, 'RED BLACK', 39, 'MK4XCK259DJ000675', 'I12560663', '2013', NULL, 5, 'belum terjual'),
(1110, 'BLUE BLACK', 40, 'MK4XCK2598J001920', 'I12560781', '2008', NULL, 5, 'belum terjual'),
(1111, 'BLUE BLACK', 41, 'MK4XCK259CJ001008', 'I12560515', '2012', NULL, 5, 'belum terjual'),
(1112, 'BLUE BLACK', 42, 'MK4XCK259CJ000572', 'I12560618', '2012', NULL, 5, 'belum terjual'),
(1113, 'RED BLACK', 43, 'MK4XCK259CJ001288', 'I12560592', '2012', NULL, 5, 'belum terjual'),
(1114, 'BLUE BLACK', 44, 'MK4XCK2598J002357', 'I12561038', '2008', NULL, 5, 'belum terjual'),
(1115, 'BLUE BLACK', 45, 'MK4XCK2599J000550', 'I12560717', '2009', NULL, 5, 'belum terjual'),
(1116, 'BLUE BLACK', 46, 'MK4XCKS0L9J000020', 'I12560548', '2009', NULL, 5, 'belum terjual'),
(1117, 'RED BLACK', 47, 'MK4XCK2598J001972', 'I12560886', '2008', NULL, 5, 'belum terjual');

-- --------------------------------------------------------

--
-- Struktur dari tabel `pembeli`
--

CREATE TABLE IF NOT EXISTS `pembeli` (
  `id` int(11) NOT NULL,
  `nama` varchar(50) NOT NULL,
  `no_ktp` varchar(20) DEFAULT NULL,
  `alamat` varchar(100) NOT NULL,
  `kota` varchar(50) NOT NULL,
  `no_tlp` varchar(12) NOT NULL
) ENGINE=InnoDB AUTO_INCREMENT=22 DEFAULT CHARSET=latin1;

--
-- Dumping data untuk tabel `pembeli`
--

INSERT INTO `pembeli` (`id`, `nama`, `no_ktp`, `alamat`, `kota`, `no_tlp`) VALUES
(21, 'Jono Jontor', '', '', '', '');

-- --------------------------------------------------------

--
-- Struktur dari tabel `penjualan`
--

CREATE TABLE IF NOT EXISTS `penjualan` (
  `id` int(11) NOT NULL,
  `id_motor` int(11) NOT NULL,
  `id_pembeli` int(11) NOT NULL,
  `tgl` date NOT NULL,
  `tipe_pembayaran` enum('tunai','transfer','kredit','lain-lain') NOT NULL,
  `harga` int(11) NOT NULL,
  `keterangan` text NOT NULL
) ENGINE=InnoDB DEFAULT CHARSET=latin1;

-- --------------------------------------------------------

--
-- Struktur dari tabel `posisi_motor`
--

CREATE TABLE IF NOT EXISTS `posisi_motor` (
  `id` int(11) NOT NULL,
  `id_motor` int(11) NOT NULL,
  `posisi` enum('Kantor Surabaya','Kantor Jakarta','Pabrik','Lain-lain') NOT NULL,
  `keterangan` text
) ENGINE=InnoDB AUTO_INCREMENT=1386 DEFAULT CHARSET=latin1;

--
-- Dumping data untuk tabel `posisi_motor`
--

INSERT INTO `posisi_motor` (`id`, `id_motor`, `posisi`, `keterangan`) VALUES
(1, 6, 'Kantor Surabaya', ''),
(2, 11, 'Kantor Surabaya', ''),
(3, 18, 'Kantor Surabaya', ''),
(4, 19, 'Kantor Surabaya', ''),
(5, 20, 'Kantor Surabaya', ''),
(6, 26, 'Kantor Surabaya', ''),
(7, 27, 'Kantor Surabaya', ''),
(8, 33, 'Kantor Surabaya', ''),
(9, 35, 'Kantor Surabaya', ''),
(10, 36, 'Kantor Surabaya', ''),
(11, 38, 'Kantor Surabaya', ''),
(12, 43, 'Kantor Surabaya', ''),
(13, 47, 'Kantor Surabaya', ''),
(14, 51, 'Kantor Surabaya', ''),
(15, 52, 'Kantor Surabaya', ''),
(16, 55, 'Kantor Surabaya', ''),
(17, 57, 'Kantor Surabaya', ''),
(18, 59, 'Kantor Surabaya', ''),
(19, 60, 'Kantor Surabaya', ''),
(32, 61, 'Kantor Surabaya', ''),
(33, 62, 'Kantor Surabaya', ''),
(34, 63, 'Kantor Surabaya', ''),
(35, 64, 'Kantor Surabaya', ''),
(36, 65, 'Kantor Surabaya', ''),
(37, 66, 'Kantor Surabaya', ''),
(38, 67, 'Kantor Surabaya', ''),
(39, 68, 'Kantor Surabaya', ''),
(40, 69, 'Kantor Surabaya', ''),
(41, 70, 'Kantor Surabaya', ''),
(42, 71, 'Kantor Surabaya', ''),
(43, 72, 'Kantor Surabaya', ''),
(44, 73, 'Kantor Surabaya', ''),
(45, 74, 'Kantor Surabaya', ''),
(46, 75, 'Kantor Surabaya', ''),
(47, 76, 'Kantor Surabaya', ''),
(48, 77, 'Kantor Surabaya', ''),
(49, 78, 'Kantor Surabaya', ''),
(50, 79, 'Kantor Surabaya', ''),
(63, 80, 'Kantor Surabaya', ''),
(64, 81, 'Kantor Surabaya', ''),
(65, 82, 'Kantor Surabaya', ''),
(66, 83, 'Kantor Surabaya', ''),
(67, 84, 'Kantor Surabaya', ''),
(68, 85, 'Kantor Surabaya', ''),
(69, 86, 'Kantor Surabaya', ''),
(70, 87, 'Kantor Surabaya', ''),
(71, 88, 'Kantor Surabaya', ''),
(72, 89, 'Kantor Surabaya', ''),
(73, 90, 'Kantor Surabaya', ''),
(74, 91, 'Kantor Surabaya', ''),
(75, 92, 'Kantor Surabaya', ''),
(76, 93, 'Kantor Surabaya', ''),
(77, 94, 'Kantor Surabaya', ''),
(78, 95, 'Kantor Surabaya', ''),
(79, 96, 'Kantor Surabaya', ''),
(80, 97, 'Kantor Surabaya', ''),
(81, 98, 'Kantor Surabaya', ''),
(82, 99, 'Kantor Surabaya', ''),
(83, 100, 'Kantor Surabaya', ''),
(84, 101, 'Kantor Surabaya', ''),
(85, 102, 'Kantor Surabaya', ''),
(86, 103, 'Kantor Surabaya', ''),
(87, 104, 'Kantor Surabaya', ''),
(88, 105, 'Kantor Surabaya', ''),
(89, 106, 'Kantor Surabaya', ''),
(90, 107, 'Kantor Surabaya', ''),
(91, 108, 'Kantor Surabaya', ''),
(92, 109, 'Kantor Surabaya', ''),
(93, 110, 'Kantor Surabaya', ''),
(94, 112, 'Kantor Surabaya', ''),
(95, 113, 'Kantor Surabaya', ''),
(96, 114, 'Kantor Surabaya', ''),
(97, 115, 'Kantor Surabaya', ''),
(98, 116, 'Kantor Surabaya', ''),
(99, 117, 'Kantor Surabaya', ''),
(100, 118, 'Kantor Surabaya', ''),
(101, 119, 'Kantor Surabaya', ''),
(109, 121, 'Kantor Surabaya', ''),
(110, 122, 'Kantor Surabaya', ''),
(111, 124, 'Kantor Surabaya', ''),
(112, 125, 'Kantor Surabaya', ''),
(113, 126, 'Kantor Surabaya', ''),
(114, 127, 'Kantor Surabaya', ''),
(115, 128, 'Kantor Surabaya', ''),
(116, 129, 'Kantor Surabaya', ''),
(117, 130, 'Kantor Surabaya', ''),
(118, 131, 'Kantor Surabaya', ''),
(119, 132, 'Kantor Surabaya', ''),
(120, 133, 'Kantor Surabaya', ''),
(121, 135, 'Kantor Surabaya', ''),
(122, 136, 'Kantor Surabaya', ''),
(123, 137, 'Kantor Surabaya', ''),
(124, 138, 'Kantor Surabaya', ''),
(125, 139, 'Kantor Surabaya', ''),
(126, 140, 'Kantor Surabaya', ''),
(127, 141, 'Kantor Surabaya', ''),
(128, 142, 'Kantor Surabaya', ''),
(129, 143, 'Kantor Surabaya', ''),
(130, 144, 'Kantor Surabaya', ''),
(131, 145, 'Kantor Surabaya', ''),
(132, 146, 'Kantor Surabaya', ''),
(133, 147, 'Kantor Surabaya', ''),
(134, 148, 'Kantor Surabaya', ''),
(140, 150, 'Kantor Surabaya', ''),
(141, 151, 'Kantor Surabaya', ''),
(142, 152, 'Kantor Surabaya', ''),
(143, 153, 'Kantor Surabaya', ''),
(144, 154, 'Kantor Surabaya', ''),
(145, 155, 'Kantor Surabaya', ''),
(146, 156, 'Kantor Surabaya', ''),
(147, 157, 'Kantor Surabaya', ''),
(148, 158, 'Kantor Surabaya', ''),
(149, 159, 'Kantor Surabaya', ''),
(150, 160, 'Kantor Surabaya', ''),
(151, 161, 'Kantor Surabaya', ''),
(152, 162, 'Kantor Surabaya', ''),
(153, 163, 'Kantor Surabaya', ''),
(154, 164, 'Kantor Surabaya', ''),
(155, 165, 'Kantor Surabaya', ''),
(156, 166, 'Kantor Surabaya', ''),
(157, 167, 'Kantor Surabaya', ''),
(158, 168, 'Kantor Surabaya', ''),
(159, 169, 'Kantor Surabaya', ''),
(160, 170, 'Kantor Surabaya', ''),
(161, 172, 'Kantor Surabaya', ''),
(162, 173, 'Kantor Surabaya', ''),
(163, 174, 'Kantor Surabaya', ''),
(164, 175, 'Kantor Surabaya', ''),
(165, 176, 'Kantor Surabaya', ''),
(166, 177, 'Kantor Surabaya', ''),
(167, 178, 'Kantor Surabaya', ''),
(168, 179, 'Kantor Surabaya', ''),
(169, 180, 'Kantor Surabaya', ''),
(170, 181, 'Kantor Surabaya', ''),
(171, 182, 'Kantor Surabaya', ''),
(172, 183, 'Kantor Surabaya', ''),
(173, 184, 'Kantor Surabaya', ''),
(174, 185, 'Kantor Surabaya', ''),
(175, 186, 'Kantor Surabaya', ''),
(176, 187, 'Kantor Surabaya', ''),
(177, 188, 'Kantor Surabaya', ''),
(178, 189, 'Kantor Surabaya', ''),
(179, 190, 'Kantor Surabaya', ''),
(180, 191, 'Kantor Surabaya', ''),
(181, 192, 'Kantor Surabaya', ''),
(182, 193, 'Kantor Surabaya', ''),
(183, 194, 'Kantor Surabaya', ''),
(184, 195, 'Kantor Surabaya', ''),
(185, 196, 'Kantor Surabaya', ''),
(186, 197, 'Kantor Surabaya', ''),
(187, 198, 'Kantor Surabaya', ''),
(188, 199, 'Kantor Surabaya', ''),
(189, 200, 'Kantor Surabaya', ''),
(190, 201, 'Kantor Surabaya', ''),
(191, 202, 'Kantor Surabaya', ''),
(192, 203, 'Kantor Surabaya', ''),
(193, 204, 'Kantor Surabaya', ''),
(194, 205, 'Kantor Surabaya', ''),
(195, 207, 'Kantor Surabaya', ''),
(196, 208, 'Kantor Surabaya', ''),
(197, 209, 'Kantor Surabaya', ''),
(198, 210, 'Kantor Surabaya', ''),
(199, 211, 'Kantor Surabaya', ''),
(200, 212, 'Kantor Surabaya', ''),
(201, 213, 'Kantor Surabaya', ''),
(202, 214, 'Kantor Surabaya', ''),
(203, 215, 'Kantor Surabaya', ''),
(204, 216, 'Kantor Surabaya', ''),
(205, 217, 'Kantor Surabaya', ''),
(206, 218, 'Kantor Surabaya', ''),
(207, 219, 'Kantor Surabaya', ''),
(208, 220, 'Kantor Surabaya', ''),
(209, 221, 'Kantor Surabaya', ''),
(210, 222, 'Kantor Surabaya', ''),
(211, 223, 'Kantor Surabaya', ''),
(212, 225, 'Kantor Surabaya', ''),
(213, 226, 'Kantor Surabaya', ''),
(214, 227, 'Kantor Surabaya', ''),
(215, 228, 'Kantor Surabaya', ''),
(216, 229, 'Kantor Surabaya', ''),
(217, 230, 'Kantor Surabaya', ''),
(218, 231, 'Kantor Surabaya', ''),
(219, 232, 'Kantor Surabaya', ''),
(220, 234, 'Kantor Surabaya', ''),
(221, 235, 'Kantor Surabaya', ''),
(222, 236, 'Kantor Surabaya', ''),
(223, 238, 'Kantor Surabaya', ''),
(224, 239, 'Kantor Surabaya', ''),
(225, 240, 'Kantor Surabaya', ''),
(226, 241, 'Kantor Surabaya', ''),
(227, 242, 'Kantor Surabaya', ''),
(228, 243, 'Kantor Surabaya', ''),
(229, 244, 'Kantor Surabaya', ''),
(230, 245, 'Kantor Surabaya', ''),
(231, 246, 'Kantor Surabaya', ''),
(232, 247, 'Kantor Surabaya', ''),
(233, 248, 'Kantor Surabaya', ''),
(234, 249, 'Kantor Surabaya', ''),
(267, 251, 'Kantor Surabaya', ''),
(268, 252, 'Kantor Surabaya', ''),
(269, 253, 'Kantor Surabaya', ''),
(270, 254, 'Kantor Surabaya', ''),
(271, 255, 'Kantor Surabaya', ''),
(272, 256, 'Kantor Surabaya', ''),
(273, 257, 'Kantor Surabaya', ''),
(274, 258, 'Kantor Surabaya', ''),
(275, 259, 'Kantor Surabaya', ''),
(276, 260, 'Kantor Surabaya', ''),
(277, 261, 'Kantor Surabaya', ''),
(278, 262, 'Kantor Surabaya', ''),
(279, 263, 'Kantor Surabaya', ''),
(280, 264, 'Kantor Surabaya', ''),
(281, 265, 'Kantor Surabaya', ''),
(282, 266, 'Kantor Surabaya', ''),
(283, 267, 'Kantor Surabaya', ''),
(284, 268, 'Kantor Surabaya', ''),
(285, 270, 'Kantor Surabaya', ''),
(286, 271, 'Kantor Surabaya', ''),
(287, 272, 'Kantor Surabaya', ''),
(288, 273, 'Kantor Surabaya', ''),
(289, 274, 'Kantor Surabaya', ''),
(290, 275, 'Kantor Surabaya', ''),
(291, 276, 'Kantor Surabaya', ''),
(292, 277, 'Kantor Surabaya', ''),
(293, 278, 'Kantor Surabaya', ''),
(294, 279, 'Kantor Surabaya', ''),
(295, 280, 'Kantor Surabaya', ''),
(296, 281, 'Kantor Surabaya', ''),
(297, 282, 'Kantor Surabaya', ''),
(298, 283, 'Kantor Surabaya', ''),
(299, 284, 'Kantor Surabaya', ''),
(300, 285, 'Kantor Surabaya', ''),
(301, 286, 'Kantor Surabaya', ''),
(302, 287, 'Kantor Surabaya', ''),
(303, 288, 'Kantor Surabaya', ''),
(304, 289, 'Kantor Surabaya', ''),
(305, 290, 'Kantor Surabaya', ''),
(306, 291, 'Kantor Surabaya', ''),
(307, 292, 'Kantor Surabaya', ''),
(308, 293, 'Kantor Surabaya', ''),
(309, 294, 'Kantor Surabaya', ''),
(310, 295, 'Kantor Surabaya', ''),
(311, 296, 'Kantor Surabaya', ''),
(312, 297, 'Kantor Surabaya', ''),
(313, 299, 'Kantor Surabaya', ''),
(314, 300, 'Kantor Surabaya', ''),
(315, 301, 'Kantor Surabaya', ''),
(316, 302, 'Kantor Surabaya', ''),
(317, 303, 'Kantor Surabaya', ''),
(318, 304, 'Kantor Surabaya', ''),
(319, 305, 'Kantor Surabaya', ''),
(320, 306, 'Kantor Surabaya', ''),
(321, 307, 'Kantor Surabaya', ''),
(322, 308, 'Kantor Surabaya', ''),
(323, 309, 'Kantor Surabaya', ''),
(324, 310, 'Kantor Surabaya', ''),
(325, 311, 'Kantor Surabaya', ''),
(326, 312, 'Kantor Surabaya', ''),
(327, 313, 'Kantor Surabaya', ''),
(328, 314, 'Kantor Surabaya', ''),
(329, 315, 'Kantor Surabaya', ''),
(330, 316, 'Kantor Surabaya', ''),
(331, 317, 'Kantor Surabaya', ''),
(332, 318, 'Kantor Surabaya', ''),
(333, 319, 'Kantor Surabaya', ''),
(334, 320, 'Kantor Surabaya', ''),
(335, 321, 'Kantor Surabaya', ''),
(336, 322, 'Kantor Surabaya', ''),
(337, 323, 'Kantor Surabaya', ''),
(338, 324, 'Kantor Surabaya', ''),
(339, 325, 'Kantor Surabaya', ''),
(340, 326, 'Kantor Surabaya', ''),
(341, 327, 'Kantor Surabaya', ''),
(342, 328, 'Kantor Surabaya', ''),
(343, 329, 'Kantor Surabaya', ''),
(344, 330, 'Kantor Surabaya', ''),
(345, 331, 'Kantor Surabaya', ''),
(346, 332, 'Kantor Surabaya', ''),
(347, 333, 'Kantor Surabaya', ''),
(348, 334, 'Kantor Surabaya', ''),
(349, 335, 'Kantor Surabaya', ''),
(350, 336, 'Kantor Surabaya', ''),
(351, 337, 'Kantor Surabaya', ''),
(352, 339, 'Kantor Surabaya', ''),
(353, 340, 'Kantor Surabaya', ''),
(354, 341, 'Kantor Surabaya', ''),
(355, 342, 'Kantor Surabaya', ''),
(356, 343, 'Kantor Surabaya', ''),
(357, 344, 'Kantor Surabaya', ''),
(358, 345, 'Kantor Surabaya', ''),
(359, 346, 'Kantor Surabaya', ''),
(360, 347, 'Kantor Surabaya', ''),
(361, 348, 'Kantor Surabaya', ''),
(362, 349, 'Kantor Surabaya', ''),
(363, 350, 'Kantor Surabaya', ''),
(364, 351, 'Kantor Surabaya', ''),
(365, 352, 'Kantor Surabaya', ''),
(394, 353, 'Kantor Surabaya', ''),
(395, 354, 'Kantor Surabaya', ''),
(396, 355, 'Kantor Surabaya', ''),
(397, 357, 'Kantor Surabaya', ''),
(398, 358, 'Kantor Surabaya', ''),
(399, 359, 'Kantor Surabaya', ''),
(400, 360, 'Kantor Surabaya', ''),
(401, 361, 'Kantor Surabaya', ''),
(402, 362, 'Kantor Surabaya', ''),
(403, 363, 'Kantor Surabaya', ''),
(404, 364, 'Kantor Surabaya', ''),
(405, 365, 'Kantor Surabaya', ''),
(406, 366, 'Kantor Surabaya', ''),
(407, 367, 'Kantor Surabaya', ''),
(408, 368, 'Kantor Surabaya', ''),
(409, 369, 'Kantor Surabaya', ''),
(410, 370, 'Kantor Surabaya', ''),
(411, 371, 'Kantor Surabaya', ''),
(412, 373, 'Kantor Surabaya', ''),
(413, 374, 'Kantor Surabaya', ''),
(414, 375, 'Kantor Surabaya', ''),
(415, 376, 'Kantor Surabaya', ''),
(416, 377, 'Kantor Surabaya', ''),
(417, 378, 'Kantor Surabaya', ''),
(418, 379, 'Kantor Surabaya', ''),
(419, 380, 'Kantor Surabaya', ''),
(420, 411, 'Kantor Surabaya', ''),
(421, 412, 'Kantor Surabaya', ''),
(422, 413, 'Kantor Surabaya', ''),
(423, 414, 'Kantor Surabaya', ''),
(424, 415, 'Kantor Surabaya', ''),
(425, 416, 'Kantor Surabaya', ''),
(426, 417, 'Kantor Surabaya', ''),
(427, 418, 'Kantor Surabaya', ''),
(428, 419, 'Kantor Surabaya', ''),
(429, 420, 'Kantor Surabaya', ''),
(430, 421, 'Kantor Surabaya', ''),
(431, 422, 'Kantor Surabaya', ''),
(432, 423, 'Kantor Surabaya', ''),
(433, 424, 'Kantor Surabaya', ''),
(434, 425, 'Kantor Surabaya', ''),
(435, 426, 'Kantor Surabaya', ''),
(436, 427, 'Kantor Surabaya', ''),
(437, 429, 'Kantor Surabaya', ''),
(438, 431, 'Kantor Surabaya', ''),
(439, 432, 'Kantor Surabaya', ''),
(440, 433, 'Kantor Surabaya', ''),
(441, 434, 'Kantor Surabaya', ''),
(442, 435, 'Kantor Surabaya', ''),
(443, 436, 'Kantor Surabaya', ''),
(444, 437, 'Kantor Surabaya', ''),
(445, 438, 'Kantor Surabaya', ''),
(446, 439, 'Kantor Surabaya', ''),
(447, 442, 'Kantor Surabaya', ''),
(448, 443, 'Kantor Surabaya', ''),
(449, 444, 'Kantor Surabaya', ''),
(450, 445, 'Kantor Surabaya', ''),
(451, 446, 'Kantor Surabaya', ''),
(452, 448, 'Kantor Surabaya', ''),
(453, 449, 'Kantor Surabaya', ''),
(454, 450, 'Kantor Surabaya', ''),
(455, 451, 'Kantor Surabaya', ''),
(456, 452, 'Kantor Surabaya', ''),
(457, 453, 'Kantor Surabaya', ''),
(458, 454, 'Kantor Surabaya', ''),
(459, 455, 'Kantor Surabaya', ''),
(460, 456, 'Kantor Surabaya', ''),
(461, 457, 'Kantor Surabaya', ''),
(462, 458, 'Kantor Surabaya', ''),
(463, 459, 'Kantor Surabaya', ''),
(464, 460, 'Kantor Surabaya', ''),
(465, 461, 'Kantor Surabaya', ''),
(466, 462, 'Kantor Surabaya', ''),
(467, 463, 'Kantor Surabaya', ''),
(468, 466, 'Kantor Surabaya', ''),
(469, 467, 'Kantor Surabaya', ''),
(470, 468, 'Kantor Surabaya', ''),
(471, 469, 'Kantor Surabaya', ''),
(472, 470, 'Kantor Surabaya', ''),
(473, 471, 'Kantor Surabaya', ''),
(474, 472, 'Kantor Surabaya', ''),
(475, 473, 'Kantor Surabaya', ''),
(476, 474, 'Kantor Surabaya', ''),
(477, 475, 'Kantor Surabaya', ''),
(478, 477, 'Kantor Surabaya', ''),
(479, 478, 'Kantor Surabaya', ''),
(480, 481, 'Kantor Surabaya', ''),
(481, 482, 'Kantor Surabaya', ''),
(482, 483, 'Kantor Surabaya', ''),
(483, 485, 'Kantor Surabaya', ''),
(484, 486, 'Kantor Surabaya', ''),
(485, 487, 'Kantor Surabaya', ''),
(486, 488, 'Kantor Surabaya', ''),
(487, 490, 'Kantor Surabaya', ''),
(488, 491, 'Kantor Surabaya', ''),
(489, 492, 'Kantor Surabaya', ''),
(490, 493, 'Kantor Surabaya', ''),
(491, 494, 'Kantor Surabaya', ''),
(492, 495, 'Kantor Surabaya', ''),
(493, 496, 'Kantor Surabaya', ''),
(494, 498, 'Kantor Surabaya', ''),
(495, 499, 'Kantor Surabaya', ''),
(496, 500, 'Kantor Surabaya', ''),
(497, 501, 'Kantor Surabaya', ''),
(498, 502, 'Kantor Surabaya', ''),
(499, 503, 'Kantor Surabaya', ''),
(500, 504, 'Kantor Surabaya', ''),
(501, 505, 'Kantor Surabaya', ''),
(502, 507, 'Kantor Surabaya', ''),
(503, 508, 'Kantor Surabaya', ''),
(504, 509, 'Kantor Surabaya', ''),
(505, 512, 'Kantor Surabaya', ''),
(506, 513, 'Kantor Surabaya', ''),
(507, 514, 'Kantor Surabaya', ''),
(508, 515, 'Kantor Surabaya', ''),
(509, 516, 'Kantor Surabaya', ''),
(510, 517, 'Kantor Surabaya', ''),
(511, 518, 'Kantor Surabaya', ''),
(512, 519, 'Kantor Surabaya', ''),
(513, 521, 'Kantor Surabaya', ''),
(514, 522, 'Kantor Surabaya', ''),
(515, 523, 'Kantor Surabaya', ''),
(516, 524, 'Kantor Surabaya', ''),
(517, 525, 'Kantor Surabaya', ''),
(518, 526, 'Kantor Surabaya', ''),
(519, 527, 'Kantor Surabaya', ''),
(520, 530, 'Kantor Surabaya', ''),
(521, 533, 'Kantor Surabaya', ''),
(522, 534, 'Kantor Surabaya', ''),
(523, 535, 'Kantor Surabaya', ''),
(524, 536, 'Kantor Surabaya', ''),
(525, 537, 'Kantor Surabaya', ''),
(526, 538, 'Kantor Surabaya', ''),
(527, 540, 'Kantor Surabaya', ''),
(528, 542, 'Kantor Surabaya', ''),
(529, 543, 'Kantor Surabaya', ''),
(530, 544, 'Kantor Surabaya', ''),
(531, 545, 'Kantor Surabaya', ''),
(649, 546, 'Kantor Surabaya', ''),
(650, 547, 'Kantor Surabaya', ''),
(651, 548, 'Kantor Surabaya', ''),
(652, 549, 'Kantor Surabaya', ''),
(653, 550, 'Kantor Surabaya', ''),
(654, 551, 'Kantor Surabaya', ''),
(655, 552, 'Kantor Surabaya', ''),
(656, 553, 'Kantor Surabaya', ''),
(657, 555, 'Kantor Surabaya', ''),
(658, 556, 'Kantor Surabaya', ''),
(659, 557, 'Kantor Surabaya', ''),
(660, 558, 'Kantor Surabaya', ''),
(661, 559, 'Kantor Surabaya', ''),
(662, 560, 'Kantor Surabaya', ''),
(663, 561, 'Kantor Surabaya', ''),
(664, 562, 'Kantor Surabaya', ''),
(665, 563, 'Kantor Surabaya', ''),
(666, 564, 'Kantor Surabaya', ''),
(667, 566, 'Kantor Surabaya', ''),
(668, 567, 'Kantor Surabaya', ''),
(669, 568, 'Kantor Surabaya', ''),
(670, 569, 'Kantor Surabaya', ''),
(671, 570, 'Kantor Surabaya', ''),
(672, 571, 'Kantor Surabaya', ''),
(673, 572, 'Kantor Surabaya', ''),
(674, 573, 'Kantor Surabaya', ''),
(675, 575, 'Kantor Surabaya', ''),
(676, 576, 'Kantor Surabaya', ''),
(677, 577, 'Kantor Surabaya', ''),
(678, 578, 'Kantor Surabaya', ''),
(679, 579, 'Kantor Surabaya', ''),
(680, 580, 'Kantor Surabaya', ''),
(681, 581, 'Kantor Surabaya', ''),
(682, 582, 'Kantor Surabaya', ''),
(683, 583, 'Kantor Surabaya', ''),
(684, 584, 'Kantor Surabaya', ''),
(685, 585, 'Kantor Surabaya', ''),
(686, 586, 'Kantor Surabaya', ''),
(687, 587, 'Kantor Surabaya', ''),
(688, 588, 'Kantor Surabaya', ''),
(689, 589, 'Kantor Surabaya', ''),
(690, 590, 'Kantor Surabaya', ''),
(691, 591, 'Kantor Surabaya', ''),
(692, 593, 'Kantor Surabaya', ''),
(693, 594, 'Kantor Surabaya', ''),
(694, 595, 'Kantor Surabaya', ''),
(695, 596, 'Kantor Surabaya', ''),
(696, 597, 'Kantor Surabaya', ''),
(697, 598, 'Kantor Surabaya', ''),
(698, 599, 'Kantor Surabaya', ''),
(699, 602, 'Kantor Surabaya', ''),
(700, 603, 'Kantor Surabaya', ''),
(701, 604, 'Kantor Surabaya', ''),
(702, 605, 'Kantor Surabaya', ''),
(703, 606, 'Kantor Surabaya', ''),
(704, 607, 'Kantor Surabaya', ''),
(705, 608, 'Kantor Surabaya', ''),
(706, 609, 'Kantor Surabaya', ''),
(707, 610, 'Kantor Surabaya', ''),
(708, 611, 'Kantor Surabaya', ''),
(709, 612, 'Kantor Surabaya', ''),
(710, 613, 'Kantor Surabaya', ''),
(711, 614, 'Kantor Surabaya', ''),
(712, 615, 'Kantor Surabaya', ''),
(713, 616, 'Kantor Surabaya', ''),
(714, 617, 'Kantor Surabaya', ''),
(715, 618, 'Kantor Surabaya', ''),
(716, 619, 'Kantor Surabaya', ''),
(717, 634, 'Kantor Surabaya', ''),
(718, 635, 'Kantor Surabaya', ''),
(719, 636, 'Kantor Surabaya', ''),
(720, 637, 'Kantor Surabaya', ''),
(721, 638, 'Kantor Surabaya', ''),
(722, 640, 'Kantor Surabaya', ''),
(723, 641, 'Kantor Surabaya', ''),
(724, 642, 'Kantor Surabaya', ''),
(725, 643, 'Kantor Surabaya', ''),
(726, 644, 'Kantor Surabaya', ''),
(727, 645, 'Kantor Surabaya', ''),
(728, 646, 'Kantor Surabaya', ''),
(729, 648, 'Kantor Surabaya', ''),
(730, 649, 'Kantor Surabaya', ''),
(731, 650, 'Kantor Surabaya', ''),
(732, 651, 'Kantor Surabaya', ''),
(733, 652, 'Kantor Surabaya', ''),
(734, 653, 'Kantor Surabaya', ''),
(735, 654, 'Kantor Surabaya', ''),
(736, 655, 'Kantor Surabaya', ''),
(737, 656, 'Kantor Surabaya', ''),
(738, 658, 'Kantor Surabaya', ''),
(739, 659, 'Kantor Surabaya', ''),
(740, 660, 'Kantor Surabaya', ''),
(741, 661, 'Kantor Surabaya', ''),
(742, 663, 'Kantor Surabaya', ''),
(743, 664, 'Kantor Surabaya', ''),
(744, 665, 'Kantor Surabaya', ''),
(745, 666, 'Kantor Surabaya', ''),
(746, 667, 'Kantor Surabaya', ''),
(747, 668, 'Kantor Surabaya', ''),
(748, 669, 'Kantor Surabaya', ''),
(749, 670, 'Kantor Surabaya', ''),
(750, 671, 'Kantor Surabaya', ''),
(751, 673, 'Kantor Surabaya', ''),
(752, 674, 'Kantor Surabaya', ''),
(753, 676, 'Kantor Surabaya', ''),
(754, 677, 'Kantor Surabaya', ''),
(755, 678, 'Kantor Surabaya', ''),
(756, 679, 'Kantor Surabaya', ''),
(757, 680, 'Kantor Surabaya', ''),
(758, 681, 'Kantor Surabaya', ''),
(759, 682, 'Kantor Surabaya', ''),
(760, 683, 'Kantor Surabaya', ''),
(761, 684, 'Kantor Surabaya', ''),
(762, 685, 'Kantor Surabaya', ''),
(763, 686, 'Kantor Surabaya', ''),
(764, 687, 'Kantor Surabaya', ''),
(765, 689, 'Kantor Surabaya', ''),
(766, 690, 'Kantor Surabaya', ''),
(767, 691, 'Kantor Surabaya', ''),
(768, 692, 'Kantor Surabaya', ''),
(769, 693, 'Kantor Surabaya', ''),
(770, 694, 'Kantor Surabaya', ''),
(771, 695, 'Kantor Surabaya', ''),
(772, 696, 'Kantor Surabaya', ''),
(773, 697, 'Kantor Surabaya', ''),
(774, 698, 'Kantor Surabaya', ''),
(775, 699, 'Kantor Surabaya', ''),
(776, 700, 'Kantor Surabaya', ''),
(777, 701, 'Kantor Surabaya', ''),
(778, 702, 'Kantor Surabaya', ''),
(779, 703, 'Kantor Surabaya', ''),
(780, 704, 'Kantor Surabaya', ''),
(781, 705, 'Kantor Surabaya', ''),
(782, 706, 'Kantor Surabaya', ''),
(783, 707, 'Kantor Surabaya', ''),
(784, 708, 'Kantor Surabaya', ''),
(785, 709, 'Kantor Surabaya', ''),
(786, 710, 'Kantor Surabaya', ''),
(787, 711, 'Kantor Surabaya', ''),
(788, 712, 'Kantor Surabaya', ''),
(789, 714, 'Kantor Surabaya', ''),
(790, 715, 'Kantor Surabaya', ''),
(791, 716, 'Kantor Surabaya', ''),
(792, 717, 'Kantor Surabaya', ''),
(793, 718, 'Kantor Surabaya', ''),
(794, 719, 'Kantor Surabaya', ''),
(795, 720, 'Kantor Surabaya', ''),
(796, 721, 'Kantor Surabaya', ''),
(797, 722, 'Kantor Surabaya', ''),
(798, 723, 'Kantor Surabaya', ''),
(799, 724, 'Kantor Surabaya', ''),
(800, 725, 'Kantor Surabaya', ''),
(801, 726, 'Kantor Surabaya', ''),
(802, 727, 'Kantor Surabaya', ''),
(803, 728, 'Kantor Surabaya', ''),
(804, 729, 'Kantor Surabaya', ''),
(805, 730, 'Kantor Surabaya', ''),
(806, 731, 'Kantor Surabaya', ''),
(807, 732, 'Kantor Surabaya', ''),
(808, 733, 'Kantor Surabaya', ''),
(809, 734, 'Kantor Surabaya', ''),
(810, 735, 'Kantor Surabaya', ''),
(811, 736, 'Kantor Surabaya', ''),
(812, 737, 'Kantor Surabaya', ''),
(813, 738, 'Kantor Surabaya', ''),
(814, 739, 'Kantor Surabaya', ''),
(815, 740, 'Kantor Surabaya', ''),
(816, 741, 'Kantor Surabaya', ''),
(817, 742, 'Kantor Surabaya', ''),
(818, 743, 'Kantor Surabaya', ''),
(819, 744, 'Kantor Surabaya', ''),
(820, 745, 'Kantor Surabaya', ''),
(821, 746, 'Kantor Surabaya', ''),
(822, 747, 'Kantor Surabaya', ''),
(823, 748, 'Kantor Surabaya', ''),
(824, 749, 'Kantor Surabaya', ''),
(825, 750, 'Kantor Surabaya', ''),
(826, 751, 'Kantor Surabaya', ''),
(827, 752, 'Kantor Surabaya', ''),
(828, 753, 'Kantor Surabaya', ''),
(829, 754, 'Kantor Surabaya', ''),
(830, 755, 'Kantor Surabaya', ''),
(831, 756, 'Kantor Surabaya', ''),
(832, 757, 'Kantor Surabaya', ''),
(833, 758, 'Kantor Surabaya', ''),
(834, 759, 'Kantor Surabaya', ''),
(835, 760, 'Kantor Surabaya', ''),
(836, 761, 'Kantor Surabaya', ''),
(837, 762, 'Kantor Surabaya', ''),
(838, 763, 'Kantor Surabaya', ''),
(839, 764, 'Kantor Surabaya', ''),
(840, 765, 'Kantor Surabaya', ''),
(841, 766, 'Kantor Surabaya', ''),
(842, 767, 'Kantor Surabaya', ''),
(843, 768, 'Kantor Surabaya', ''),
(844, 769, 'Kantor Surabaya', ''),
(845, 770, 'Kantor Surabaya', ''),
(846, 771, 'Kantor Surabaya', ''),
(847, 772, 'Kantor Surabaya', ''),
(848, 773, 'Kantor Surabaya', ''),
(849, 774, 'Kantor Surabaya', ''),
(850, 775, 'Kantor Surabaya', ''),
(851, 776, 'Kantor Surabaya', ''),
(852, 777, 'Kantor Surabaya', ''),
(853, 778, 'Kantor Surabaya', ''),
(854, 779, 'Kantor Surabaya', ''),
(855, 780, 'Kantor Surabaya', ''),
(856, 781, 'Kantor Surabaya', ''),
(857, 782, 'Kantor Surabaya', ''),
(858, 783, 'Kantor Surabaya', ''),
(859, 784, 'Kantor Surabaya', ''),
(860, 785, 'Kantor Surabaya', ''),
(861, 786, 'Kantor Surabaya', ''),
(862, 787, 'Kantor Surabaya', ''),
(863, 788, 'Kantor Surabaya', ''),
(864, 789, 'Kantor Surabaya', ''),
(865, 790, 'Kantor Surabaya', ''),
(866, 791, 'Kantor Surabaya', ''),
(867, 792, 'Kantor Surabaya', ''),
(868, 793, 'Kantor Surabaya', ''),
(869, 794, 'Kantor Surabaya', ''),
(870, 795, 'Kantor Surabaya', ''),
(871, 796, 'Kantor Surabaya', ''),
(872, 797, 'Kantor Surabaya', ''),
(873, 798, 'Kantor Surabaya', ''),
(874, 799, 'Kantor Surabaya', ''),
(875, 800, 'Kantor Surabaya', ''),
(876, 801, 'Kantor Surabaya', ''),
(877, 802, 'Kantor Surabaya', ''),
(878, 803, 'Kantor Surabaya', ''),
(879, 804, 'Kantor Surabaya', ''),
(880, 805, 'Kantor Surabaya', ''),
(881, 806, 'Kantor Surabaya', ''),
(882, 807, 'Kantor Surabaya', ''),
(883, 808, 'Kantor Surabaya', ''),
(884, 809, 'Kantor Surabaya', ''),
(885, 810, 'Kantor Surabaya', ''),
(886, 811, 'Kantor Surabaya', ''),
(887, 812, 'Kantor Surabaya', ''),
(888, 813, 'Kantor Surabaya', ''),
(889, 814, 'Kantor Surabaya', ''),
(890, 815, 'Kantor Surabaya', ''),
(891, 816, 'Kantor Surabaya', ''),
(892, 817, 'Kantor Surabaya', ''),
(893, 818, 'Kantor Surabaya', ''),
(894, 819, 'Kantor Surabaya', ''),
(895, 820, 'Kantor Surabaya', ''),
(896, 821, 'Kantor Surabaya', ''),
(897, 822, 'Kantor Surabaya', ''),
(898, 823, 'Kantor Surabaya', ''),
(899, 824, 'Kantor Surabaya', ''),
(900, 825, 'Kantor Surabaya', ''),
(901, 826, 'Kantor Surabaya', ''),
(902, 827, 'Kantor Surabaya', ''),
(903, 828, 'Kantor Surabaya', ''),
(904, 829, 'Kantor Surabaya', ''),
(905, 830, 'Kantor Surabaya', ''),
(906, 831, 'Kantor Surabaya', ''),
(907, 832, 'Kantor Surabaya', ''),
(908, 833, 'Kantor Surabaya', ''),
(909, 834, 'Kantor Surabaya', ''),
(910, 835, 'Kantor Surabaya', ''),
(911, 836, 'Kantor Surabaya', ''),
(912, 837, 'Kantor Surabaya', ''),
(913, 838, 'Kantor Surabaya', ''),
(914, 839, 'Kantor Surabaya', ''),
(915, 840, 'Kantor Surabaya', ''),
(916, 841, 'Kantor Surabaya', ''),
(917, 842, 'Kantor Surabaya', ''),
(918, 843, 'Kantor Surabaya', ''),
(919, 844, 'Kantor Surabaya', ''),
(920, 845, 'Kantor Surabaya', ''),
(921, 846, 'Kantor Surabaya', ''),
(922, 847, 'Kantor Surabaya', ''),
(923, 848, 'Kantor Surabaya', ''),
(924, 849, 'Kantor Surabaya', ''),
(925, 850, 'Kantor Surabaya', ''),
(926, 851, 'Kantor Surabaya', ''),
(927, 852, 'Kantor Surabaya', ''),
(928, 853, 'Kantor Surabaya', ''),
(929, 854, 'Kantor Surabaya', ''),
(930, 855, 'Kantor Surabaya', ''),
(931, 856, 'Kantor Surabaya', ''),
(932, 857, 'Kantor Surabaya', ''),
(933, 858, 'Kantor Surabaya', ''),
(934, 859, 'Kantor Surabaya', ''),
(935, 860, 'Kantor Surabaya', ''),
(936, 861, 'Kantor Surabaya', ''),
(937, 862, 'Kantor Surabaya', ''),
(938, 863, 'Kantor Surabaya', ''),
(939, 864, 'Kantor Surabaya', ''),
(940, 865, 'Kantor Surabaya', ''),
(941, 866, 'Kantor Surabaya', ''),
(942, 867, 'Kantor Surabaya', ''),
(943, 868, 'Kantor Surabaya', ''),
(944, 869, 'Kantor Surabaya', ''),
(945, 870, 'Kantor Surabaya', ''),
(946, 871, 'Kantor Surabaya', ''),
(947, 872, 'Kantor Surabaya', ''),
(948, 873, 'Kantor Surabaya', ''),
(949, 874, 'Kantor Surabaya', ''),
(950, 875, 'Kantor Surabaya', ''),
(951, 876, 'Kantor Surabaya', ''),
(952, 877, 'Kantor Surabaya', ''),
(953, 878, 'Kantor Surabaya', ''),
(954, 879, 'Kantor Surabaya', ''),
(955, 880, 'Kantor Surabaya', ''),
(956, 881, 'Kantor Surabaya', ''),
(957, 882, 'Kantor Surabaya', ''),
(958, 883, 'Kantor Surabaya', ''),
(959, 884, 'Kantor Surabaya', ''),
(960, 885, 'Kantor Surabaya', ''),
(961, 886, 'Kantor Surabaya', ''),
(962, 887, 'Kantor Surabaya', ''),
(963, 888, 'Kantor Surabaya', ''),
(964, 889, 'Kantor Surabaya', ''),
(965, 890, 'Kantor Surabaya', ''),
(966, 891, 'Kantor Surabaya', ''),
(967, 892, 'Kantor Surabaya', ''),
(968, 893, 'Kantor Surabaya', ''),
(969, 894, 'Kantor Surabaya', ''),
(970, 895, 'Kantor Surabaya', ''),
(971, 896, 'Kantor Surabaya', ''),
(972, 897, 'Kantor Surabaya', ''),
(973, 898, 'Kantor Surabaya', ''),
(974, 899, 'Kantor Surabaya', ''),
(975, 900, 'Kantor Surabaya', ''),
(976, 901, 'Kantor Surabaya', ''),
(977, 902, 'Kantor Surabaya', ''),
(978, 903, 'Kantor Surabaya', ''),
(979, 904, 'Kantor Surabaya', ''),
(980, 905, 'Kantor Surabaya', ''),
(981, 906, 'Kantor Surabaya', ''),
(982, 907, 'Kantor Surabaya', ''),
(983, 908, 'Kantor Surabaya', ''),
(984, 909, 'Kantor Surabaya', ''),
(985, 910, 'Kantor Surabaya', ''),
(986, 911, 'Kantor Surabaya', ''),
(987, 912, 'Kantor Surabaya', ''),
(988, 913, 'Kantor Surabaya', ''),
(989, 914, 'Kantor Surabaya', ''),
(990, 915, 'Kantor Surabaya', ''),
(991, 916, 'Kantor Surabaya', ''),
(992, 917, 'Kantor Surabaya', ''),
(993, 918, 'Kantor Surabaya', ''),
(994, 919, 'Kantor Surabaya', ''),
(995, 920, 'Kantor Surabaya', ''),
(996, 922, 'Kantor Surabaya', ''),
(997, 923, 'Kantor Surabaya', ''),
(998, 925, 'Kantor Surabaya', ''),
(999, 926, 'Kantor Surabaya', ''),
(1000, 927, 'Kantor Surabaya', ''),
(1001, 928, 'Kantor Surabaya', ''),
(1002, 929, 'Kantor Surabaya', ''),
(1003, 930, 'Kantor Surabaya', ''),
(1004, 931, 'Kantor Surabaya', ''),
(1005, 932, 'Kantor Surabaya', ''),
(1006, 933, 'Kantor Surabaya', ''),
(1007, 934, 'Kantor Surabaya', ''),
(1008, 936, 'Kantor Surabaya', ''),
(1009, 937, 'Kantor Surabaya', ''),
(1010, 938, 'Kantor Surabaya', ''),
(1011, 939, 'Kantor Surabaya', ''),
(1012, 940, 'Kantor Surabaya', ''),
(1013, 941, 'Kantor Surabaya', ''),
(1228, 942, 'Kantor Surabaya', ''),
(1229, 943, 'Kantor Surabaya', ''),
(1230, 944, 'Kantor Surabaya', ''),
(1231, 945, 'Kantor Surabaya', ''),
(1232, 947, 'Kantor Surabaya', ''),
(1233, 948, 'Kantor Surabaya', ''),
(1234, 950, 'Kantor Surabaya', ''),
(1235, 951, 'Kantor Surabaya', ''),
(1236, 952, 'Kantor Surabaya', ''),
(1237, 953, 'Kantor Surabaya', ''),
(1238, 954, 'Kantor Surabaya', ''),
(1239, 959, 'Kantor Surabaya', ''),
(1240, 960, 'Kantor Surabaya', ''),
(1241, 964, 'Kantor Surabaya', ''),
(1242, 966, 'Kantor Surabaya', ''),
(1243, 967, 'Kantor Surabaya', ''),
(1244, 969, 'Kantor Surabaya', ''),
(1245, 970, 'Kantor Surabaya', ''),
(1246, 972, 'Kantor Surabaya', ''),
(1247, 973, 'Kantor Surabaya', ''),
(1248, 974, 'Kantor Surabaya', ''),
(1249, 976, 'Kantor Surabaya', ''),
(1250, 977, 'Kantor Surabaya', ''),
(1251, 978, 'Kantor Surabaya', ''),
(1252, 979, 'Kantor Surabaya', ''),
(1253, 980, 'Kantor Surabaya', ''),
(1254, 981, 'Kantor Surabaya', ''),
(1255, 982, 'Kantor Surabaya', ''),
(1256, 983, 'Kantor Surabaya', ''),
(1257, 984, 'Kantor Surabaya', ''),
(1258, 987, 'Kantor Surabaya', ''),
(1259, 989, 'Kantor Surabaya', ''),
(1260, 990, 'Kantor Surabaya', ''),
(1261, 991, 'Kantor Surabaya', ''),
(1262, 992, 'Kantor Surabaya', ''),
(1263, 993, 'Kantor Surabaya', ''),
(1264, 994, 'Kantor Surabaya', ''),
(1265, 996, 'Kantor Surabaya', ''),
(1266, 997, 'Kantor Surabaya', ''),
(1267, 1000, 'Kantor Surabaya', ''),
(1268, 1002, 'Kantor Surabaya', ''),
(1269, 1003, 'Kantor Surabaya', ''),
(1270, 1004, 'Kantor Surabaya', ''),
(1271, 1005, 'Kantor Surabaya', ''),
(1272, 1007, 'Kantor Surabaya', ''),
(1273, 1009, 'Kantor Surabaya', ''),
(1274, 1010, 'Kantor Surabaya', ''),
(1275, 1012, 'Kantor Surabaya', ''),
(1276, 1013, 'Kantor Surabaya', ''),
(1277, 1014, 'Kantor Surabaya', ''),
(1278, 1015, 'Kantor Surabaya', ''),
(1279, 1018, 'Kantor Surabaya', ''),
(1280, 1019, 'Kantor Surabaya', ''),
(1281, 1021, 'Kantor Surabaya', ''),
(1282, 1022, 'Kantor Surabaya', ''),
(1283, 1023, 'Kantor Surabaya', ''),
(1284, 1024, 'Kantor Surabaya', ''),
(1285, 1025, 'Kantor Surabaya', ''),
(1286, 1026, 'Kantor Surabaya', ''),
(1287, 1027, 'Kantor Surabaya', ''),
(1288, 1029, 'Kantor Surabaya', ''),
(1289, 1030, 'Kantor Surabaya', ''),
(1290, 1031, 'Kantor Surabaya', ''),
(1291, 1032, 'Kantor Surabaya', ''),
(1292, 1033, 'Kantor Surabaya', ''),
(1293, 1035, 'Kantor Surabaya', ''),
(1294, 1036, 'Kantor Surabaya', ''),
(1295, 1037, 'Kantor Surabaya', ''),
(1296, 1038, 'Kantor Surabaya', ''),
(1297, 1039, 'Kantor Surabaya', ''),
(1298, 1040, 'Kantor Surabaya', ''),
(1299, 1041, 'Kantor Surabaya', ''),
(1300, 1042, 'Kantor Surabaya', ''),
(1301, 1043, 'Kantor Surabaya', ''),
(1302, 1044, 'Kantor Surabaya', ''),
(1303, 1045, 'Kantor Surabaya', ''),
(1304, 1046, 'Kantor Surabaya', ''),
(1305, 1049, 'Kantor Surabaya', ''),
(1306, 1051, 'Kantor Surabaya', ''),
(1307, 1052, 'Kantor Surabaya', ''),
(1308, 1053, 'Kantor Surabaya', ''),
(1309, 1054, 'Kantor Surabaya', ''),
(1310, 1057, 'Kantor Surabaya', ''),
(1311, 1058, 'Kantor Surabaya', ''),
(1312, 1060, 'Kantor Surabaya', ''),
(1313, 1061, 'Kantor Surabaya', ''),
(1314, 1062, 'Kantor Surabaya', ''),
(1315, 1063, 'Kantor Surabaya', ''),
(1316, 1064, 'Kantor Surabaya', ''),
(1317, 1065, 'Kantor Surabaya', ''),
(1318, 1066, 'Kantor Surabaya', ''),
(1319, 1067, 'Kantor Surabaya', ''),
(1320, 1069, 'Kantor Surabaya', ''),
(1321, 1070, 'Kantor Surabaya', ''),
(1355, 1071, 'Kantor Surabaya', ''),
(1356, 1072, 'Kantor Surabaya', ''),
(1357, 1075, 'Kantor Surabaya', ''),
(1358, 1076, 'Kantor Surabaya', ''),
(1359, 1077, 'Kantor Surabaya', ''),
(1360, 1078, 'Kantor Surabaya', ''),
(1361, 1083, 'Kantor Surabaya', ''),
(1362, 1086, 'Kantor Surabaya', ''),
(1363, 1088, 'Kantor Surabaya', ''),
(1364, 1090, 'Kantor Surabaya', ''),
(1365, 1093, 'Kantor Surabaya', ''),
(1366, 1096, 'Kantor Surabaya', ''),
(1367, 1098, 'Kantor Surabaya', ''),
(1368, 1099, 'Kantor Surabaya', ''),
(1369, 1100, 'Kantor Surabaya', ''),
(1370, 1102, 'Kantor Surabaya', ''),
(1371, 1104, 'Kantor Surabaya', ''),
(1372, 1106, 'Kantor Surabaya', ''),
(1373, 1107, 'Kantor Surabaya', ''),
(1374, 1109, 'Kantor Surabaya', ''),
(1375, 1111, 'Kantor Surabaya', ''),
(1376, 1113, 'Kantor Surabaya', ''),
(1377, 1116, 'Kantor Surabaya', ''),
(1378, 1117, 'Kantor Surabaya', '');

-- --------------------------------------------------------

--
-- Struktur dari tabel `surat_jalan`
--

CREATE TABLE IF NOT EXISTS `surat_jalan` (
  `id` int(11) NOT NULL,
  `id_penjualan` int(11) NOT NULL,
  `alamat_pengiriman` varchar(100) NOT NULL,
  `tgl_pengiriman` date NOT NULL,
  `nama_penerima` varchar(50) NOT NULL,
  `nama_pengirim` varchar(50) NOT NULL,
  `keterangan` text
) ENGINE=InnoDB DEFAULT CHARSET=latin1;

--
-- Indexes for dumped tables
--

--
-- Indexes for table `data_fisik`
--
ALTER TABLE `data_fisik`
  ADD PRIMARY KEY (`id`);

--
-- Indexes for table `faktur`
--
ALTER TABLE `faktur`
  ADD PRIMARY KEY (`id`),
  ADD KEY `id_surat_jalan` (`id_surat_jalan`);

--
-- Indexes for table `jenis_motor`
--
ALTER TABLE `jenis_motor`
  ADD PRIMARY KEY (`id`);

--
-- Indexes for table `kondisi_motor`
--
ALTER TABLE `kondisi_motor`
  ADD PRIMARY KEY (`id`),
  ADD KEY `id_motor` (`id_motor`);

--
-- Indexes for table `logs`
--
ALTER TABLE `logs`
  ADD PRIMARY KEY (`id`);

--
-- Indexes for table `motor`
--
ALTER TABLE `motor`
  ADD PRIMARY KEY (`id`),
  ADD KEY `id_jenis` (`id_jenis`);

--
-- Indexes for table `pembeli`
--
ALTER TABLE `pembeli`
  ADD PRIMARY KEY (`id`);

--
-- Indexes for table `penjualan`
--
ALTER TABLE `penjualan`
  ADD PRIMARY KEY (`id`),
  ADD KEY `id_motor` (`id_motor`),
  ADD KEY `id_pembeli` (`id_pembeli`);

--
-- Indexes for table `posisi_motor`
--
ALTER TABLE `posisi_motor`
  ADD PRIMARY KEY (`id`),
  ADD KEY `id_motor` (`id_motor`);

--
-- Indexes for table `surat_jalan`
--
ALTER TABLE `surat_jalan`
  ADD PRIMARY KEY (`id`),
  ADD KEY `id_penjualan` (`id_penjualan`);

--
-- AUTO_INCREMENT for dumped tables
--

--
-- AUTO_INCREMENT for table `data_fisik`
--
ALTER TABLE `data_fisik`
  MODIFY `id` int(11) NOT NULL AUTO_INCREMENT;
--
-- AUTO_INCREMENT for table `faktur`
--
ALTER TABLE `faktur`
  MODIFY `id` int(11) NOT NULL AUTO_INCREMENT;
--
-- AUTO_INCREMENT for table `jenis_motor`
--
ALTER TABLE `jenis_motor`
  MODIFY `id` int(11) NOT NULL AUTO_INCREMENT,AUTO_INCREMENT=7;
--
-- AUTO_INCREMENT for table `kondisi_motor`
--
ALTER TABLE `kondisi_motor`
  MODIFY `id` int(11) NOT NULL AUTO_INCREMENT,AUTO_INCREMENT=1173;
--
-- AUTO_INCREMENT for table `logs`
--
ALTER TABLE `logs`
  MODIFY `id` int(11) NOT NULL AUTO_INCREMENT,AUTO_INCREMENT=21;
--
-- AUTO_INCREMENT for table `motor`
--
ALTER TABLE `motor`
  MODIFY `id` int(11) NOT NULL AUTO_INCREMENT,AUTO_INCREMENT=1118;
--
-- AUTO_INCREMENT for table `pembeli`
--
ALTER TABLE `pembeli`
  MODIFY `id` int(11) NOT NULL AUTO_INCREMENT,AUTO_INCREMENT=22;
--
-- AUTO_INCREMENT for table `penjualan`
--
ALTER TABLE `penjualan`
  MODIFY `id` int(11) NOT NULL AUTO_INCREMENT;
--
-- AUTO_INCREMENT for table `posisi_motor`
--
ALTER TABLE `posisi_motor`
  MODIFY `id` int(11) NOT NULL AUTO_INCREMENT,AUTO_INCREMENT=1386;
--
-- AUTO_INCREMENT for table `surat_jalan`
--
ALTER TABLE `surat_jalan`
  MODIFY `id` int(11) NOT NULL AUTO_INCREMENT;
--
-- Ketidakleluasaan untuk tabel pelimpahan (Dumped Tables)
--

--
-- Ketidakleluasaan untuk tabel `faktur`
--
ALTER TABLE `faktur`
  ADD CONSTRAINT `surat_jalan_faktur` FOREIGN KEY (`id_surat_jalan`) REFERENCES `surat_jalan` (`id`);

--
-- Ketidakleluasaan untuk tabel `kondisi_motor`
--
ALTER TABLE `kondisi_motor`
  ADD CONSTRAINT `motor_kondisi` FOREIGN KEY (`id_motor`) REFERENCES `motor` (`id`) ON DELETE CASCADE ON UPDATE CASCADE;

--
-- Ketidakleluasaan untuk tabel `motor`
--
ALTER TABLE `motor`
  ADD CONSTRAINT `motor_jenis_motor` FOREIGN KEY (`id_jenis`) REFERENCES `jenis_motor` (`id`);

--
-- Ketidakleluasaan untuk tabel `penjualan`
--
ALTER TABLE `penjualan`
  ADD CONSTRAINT `motor_penjualan` FOREIGN KEY (`id_motor`) REFERENCES `motor` (`id`),
  ADD CONSTRAINT `pembeli_penjualan` FOREIGN KEY (`id_pembeli`) REFERENCES `pembeli` (`id`);

--
-- Ketidakleluasaan untuk tabel `posisi_motor`
--
ALTER TABLE `posisi_motor`
  ADD CONSTRAINT `motor_posisi` FOREIGN KEY (`id_motor`) REFERENCES `motor` (`id`) ON DELETE CASCADE ON UPDATE CASCADE;

--
-- Ketidakleluasaan untuk tabel `surat_jalan`
--
ALTER TABLE `surat_jalan`
  ADD CONSTRAINT `penjualan_surat_jalan` FOREIGN KEY (`id_penjualan`) REFERENCES `penjualan` (`id`);

/*!40101 SET CHARACTER_SET_CLIENT=@OLD_CHARACTER_SET_CLIENT */;
/*!40101 SET CHARACTER_SET_RESULTS=@OLD_CHARACTER_SET_RESULTS */;
/*!40101 SET COLLATION_CONNECTION=@OLD_COLLATION_CONNECTION */;
